,Departure Date,Buffalo Load,Buffalo Loss,Buffalo Pct,Cattle Load,Cattle Loss,Cattle Pct,Sheep Load,Sheep Loss,Sheep Pct,Duration (days)
0,Dec-13,,,,1360.0,0.0,0.0,,,,13
1,Dec-13,,,,3102.0,4.0,0.0013,,,,8
2,Dec-13,,,,15362.0,17.0,0.0011,,,,12
3,Dec-13,,,,879.0,1.0,0.0011,72053.0,554.0,0.0077,33
4,Dec-13,,,,150.0,0.0,0.0,77860.0,243.0,0.0031,19
5,Dec-13,,,,2745.0,2.0,0.0007,,,,14
6,Dec-13,,,,2705.0,1.0,0.0004,,,,7
7,Dec-13,,,,1300.0,7.0,0.0054,836.0,6.0,0.0072,13
8,Dec-13,,,,4543.0,10.0,0.0022,,,,16
9,Dec-13,,,,1367.0,7.0,0.0051,,,,12
10,Dec-13,,,,20033.0,31.0,0.0015,,,,17
11,Dec-13,,,,5204.0,2.0,0.0004,,,,10
12,Dec-13,,,,1968.0,1.0,0.0005,,,,5
13,Dec-13,,,,8817.0,1.0,0.0001,,,,9
14,Dec-13,,,,1422.0,3.0,0.0021,,,,6
15,Dec-13,,,,1110.0,0.0,0.0,,,,17
16,Dec-13,,,,7500.0,6.0,0.0008,,,,19
17,Dec-13,,,,,,,75236.0,366.0,0.0049,22
18,Dec-13,,,,2006.0,7.0,0.0035,,,,12
19,Dec-13,,,,16406.0,23.0,0.0014,,,,9
20,Dec-13,,,,2416.0,3.0,0.0012,,,,5
21,Jan-14,,,,5467.0,14.0,0.0026,,,,28
22,Jan-14,,,,1326.0,2.0,0.0015,,,,14
23,Jan-14,,,,1987.0,7.0,0.0035,,,,7
24,Jan-14,,,,2856.0,1.0,0.0004,,,,19
25,Jan-14,,,,2638.0,2.0,0.0008,,,,14
26,Jan-14,,,,1393.0,49.0,0.0352,,,,16
27,Jan-14,,,,3088.0,0.0,0.0,,,,5
28,Jan-14,,,,5090.0,4.0,0.0008,,,,11
29,Jan-14,,,,1414.0,4.0,0.0028,,,,10
30,Jan-14,,,,1231.0,1.0,0.0008,999.0,6.0,0.006,13
31,Jan-14,,,,2931.0,1.0,0.0003,,,,5
32,Jan-14,,,,150.0,0.0,0.0,84669.0,188.0,0.0022,22
33,Jan-14,,,,2279.0,0.0,0.0,,,,10
34,Jan-14,,,,2090.0,4.0,0.0019,,,,14
35,Jan-14,,,,6000.0,165.0,0.0275,42550.0,1654.0,0.0389,36
36,Jan-14,,,,4005.0,2.0,0.0005,,,,5
37,Jan-14,,,,3142.0,2.0,0.0006,,,,9
38,Jan-14,,,,3000.0,2.0,0.0007,,,,18
39,Jan-14,,,,2794.0,1.0,0.0004,,,,10
40,Jan-14,,,,,,,71185.0,215.0,0.003,20
41,Jan-14,,,,2706.0,2.0,0.0007,,,,5
42,Jan-14,,,,,,,1388.0,2.0,0.0014,11
43,Jan-14,,,,1899.0,0.0,0.0,,,,8
44,Feb-14,,,,4021.0,0.0,0.0,,,,5
45,Feb-14,,,,4868.0,0.0,0.0,,,,10
46,Feb-14,,,,3871.0,3.0,0.0008,,,,12
47,Feb-14,,,,3731.0,1.0,0.0003,,,,9
48,Feb-14,,,,1079.0,1.0,0.0009,,,,17
49,Feb-14,,,,2000.0,1.0,0.0005,,,,9
50,Feb-14,,,,12566.0,47.0,0.0037,36973.0,240.0,0.0065,26
51,Feb-14,,,,3032.0,0.0,0.0,,,,10
52,Feb-14,,,,2230.0,2.0,0.0009,,,,8
53,Feb-14,,,,3532.0,3.0,0.0008,,,,11
54,Feb-14,,,,1794.0,1.0,0.0006,,,,9
55,Feb-14,,,,5106.0,7.0,0.0014,,,,12
56,Feb-14,,,,,,,79599.0,302.0,0.0038,28
57,Feb-14,,,,690.0,0.0,0.0,91594.0,425.0,0.0046,30
58,Feb-14,214.0,0.0,0.0,2249.0,5.0,0.0022,,,,10
59,Feb-14,,,,2843.0,0.0,0.0,,,,6
60,Feb-14,,,,2238.0,1.0,0.0004,,,,5
61,Feb-14,,,,1478.0,2.0,0.0014,,,,12
62,Feb-14,,,,2400.0,49.0,0.0204,,,,17
63,Feb-14,,,,2045.0,1.0,0.0005,,,,5
64,Feb-14,,,,4954.0,6.0,0.0012,,,,14
65,Feb-14,,,,3814.0,1.0,0.0003,,,,17
66,Feb-14,,,,2661.0,1.0,0.0004,,,,9
67,Feb-14,,,,3925.0,0.0,0.0,,,,9
68,Feb-14,,,,1235.0,1.0,0.0008,1000.0,5.0,0.005,12
69,Mar-14,,,,3412.0,1.0,0.0003,,,,19
70,Mar-14,,,,1813.0,1.0,0.0006,,,,15
71,Mar-14,,,,1396.0,8.0,0.0057,,,,13
72,Mar-14,,,,9410.0,4.0,0.0004,,,,12
73,Mar-14,,,,6793.0,2.0,0.0003,,,,13
74,Mar-14,,,,2870.0,2.0,0.0007,,,,18
75,Mar-14,,,,3100.0,1.0,0.0003,,,,7
76,Mar-14,404.0,0.0,0.0,980.0,4.0,0.0041,,,,10
77,Mar-14,,,,2737.0,1.0,0.0004,,,,10
78,Mar-14,,,,3828.0,2.0,0.0005,,,,7
79,Mar-14,,,,2860.0,0.0,0.0,,,,4
80,Mar-14,,,,627.0,3.0,0.0048,69933.0,348.0,0.005,25
81,Mar-14,,,,3751.0,0.0,0.0,,,,11
82,Mar-14,,,,1465.0,0.0,0.0,541.0,2.0,0.0037,9
83,Mar-14,,,,1080.0,6.0,0.0056,,,,16
84,Mar-14,,,,3081.0,0.0,0.0,,,,8
85,Mar-14,,,,3403.0,0.0,0.0,,,,6
86,Mar-14,,,,6419.0,1.0,0.0002,,,,9
87,Mar-14,,,,4068.0,1.0,0.0002,,,,7
88,Mar-14,,,,2907.0,0.0,0.0,,,,5
89,Mar-14,,,,2818.0,0.0,0.0,,,,8
90,Mar-14,,,,3570.0,2.0,0.0006,,,,5
91,Mar-14,,,,13056.0,8.0,0.0006,,,,15
92,Mar-14,,,,7298.0,0.0,0.0,,,,8
93,Mar-14,,,,2887.0,4.0,0.0014,,,,9
94,Mar-14,,,,3106.0,3.0,0.001,,,,8
95,Mar-14,,,,3661.0,0.0,0.0,,,,8
96,Mar-14,,,,1718.0,0.0,0.0,,,,7
97,Mar-14,,,,1344.0,5.0,0.0037,,,,14
98,Mar-14,,,,3148.0,1.0,0.0003,,,,8
99,Mar-14,,,,3078.0,3.0,0.001,,,,7
100,Apr-14,,,,150.0,0.0,0.0,79383.0,446.0,0.0056,20
101,Apr-14,,,,15465.0,10.0,0.0006,,,,13
102,Apr-14,,,,5796.0,6.0,0.001,,,,15
103,Apr-14,,,,3962.0,0.0,0.0,,,,5
104,Apr-14,,,,9480.0,8.0,0.0008,59655.0,259.0,0.0043,25
105,Apr-14,,,,3931.0,0.0,0.0,,,,5
106,Apr-14,,,,1649.0,3.0,0.0018,,,,9
107,Apr-14,,,,2173.0,3.0,0.0014,,,,5
108,Apr-14,,,,2906.0,1.0,0.0003,,,,15
109,Apr-14,,,,2564.0,0.0,0.0,,,,6
110,Apr-14,,,,7021.0,0.0,0.0,,,,7
111,Apr-14,,,,1949.0,0.0,0.0,,,,6
112,Apr-14,,,,2058.0,1.0,0.0005,,,,6
113,Apr-14,,,,3732.0,0.0,0.0,,,,7
114,Apr-14,,,,2371.0,11.0,0.0046,,,,20
115,Apr-14,,,,,,,77307.0,375.0,0.0049,23
116,Apr-14,,,,3574.0,0.0,0.0,,,,6
117,Apr-14,336.0,0.0,0.0,2063.0,3.0,0.0015,,,,10
118,Apr-14,,,,1909.0,0.0,0.0,,,,6
119,Apr-14,,,,2959.0,0.0,0.0,,,,16
120,Apr-14,,,,1520.0,0.0,0.0,,,,6
121,Apr-14,,,,3000.0,2.0,0.0007,,,,18
122,Apr-14,,,,1941.0,1.0,0.0005,,,,9
123,Apr-14,,,,1080.0,3.0,0.0028,,,,17
124,Apr-14,,,,2681.0,1.0,0.0004,,,,7
125,Apr-14,,,,14230.0,10.0,0.0007,,,,18
126,Apr-14,,,,2592.0,1.0,0.0004,,,,6
127,Apr-14,,,,4047.0,0.0,0.0,,,,6
128,Apr-14,,,,3810.0,2.0,0.0005,,,,9
129,Apr-14,,,,6962.0,14.0,0.002,,,,23
130,Apr-14,,,,3037.0,4.0,0.0013,,,,10
131,Apr-14,,,,6550.0,5.0,0.0008,,,,10
132,Apr-14,,,,22138.0,127.0,0.0057,,,,31
133,Apr-14,,,,2940.0,4.0,0.0014,,,,20
134,Apr-14,,,,3569.0,3.0,0.0008,,,,19
135,Apr-14,,,,1815.0,0.0,0.0,,,,7
136,Apr-14,,,,13785.0,64.0,0.0046,23906.0,161.0,0.0067,36
137,May-14,,,,6925.0,2.0,0.0003,,,,4
138,May-14,,,,1378.0,7.0,0.0051,,,,10
139,May-14,,,,2648.0,0.0,0.0,,,,6
140,May-14,,,,3223.0,0.0,0.0,,,,6
141,May-14,,,,2880.0,0.0,0.0,,,,5
142,May-14,176.0,2.0,0.0114,1255.0,1.0,0.0008,,,,9
143,May-14,,,,1217.0,0.0,0.0,,,,23
144,May-14,,,,3198.0,0.0,0.0,,,,4
145,May-14,,,,150.0,0.0,0.0,78461.0,422.0,0.0054,20
146,May-14,,,,3445.0,17.0,0.0049,,,,18
147,May-14,,,,1674.0,1.0,0.0006,,,,8
148,May-14,,,,2790.0,1.0,0.0004,,,,8
149,May-14,,,,2922.0,0.0,0.0,,,,6
150,May-14,,,,4102.0,3.0,0.0007,,,,18
151,May-14,,,,2289.0,3.0,0.0013,,,,8
152,May-14,,,,6814.0,3.0,0.0004,,,,8
153,May-14,,,,2040.0,0.0,0.0,,,,7
154,May-14,,,,2261.0,0.0,0.0,,,,9
155,May-14,,,,2780.0,3.0,0.0011,,,,7
156,May-14,,,,19334.0,9.0,0.0005,,,,13
157,May-14,,,,4100.0,7.0,0.0017,,,,16
158,May-14,,,,,,,70105.0,273.0,0.0039,21
159,May-14,,,,9418.0,44.0,0.0047,56426.0,317.0,0.0056,31
160,May-14,,,,4021.0,0.0,0.0,,,,7
161,May-14,,,,1423.0,1.0,0.0007,,,,11
162,May-14,189.0,0.0,0.0,1217.0,1.0,0.0008,,,,10
163,May-14,,,,3217.0,0.0,0.0,,,,6
164,May-14,,,,1905.0,0.0,0.0,,,,6
165,May-14,,,,4726.0,0.0,0.0,,,,10
166,May-14,,,,2906.0,0.0,0.0,,,,10
167,Jun-14,,,,960.0,8.0,0.0083,,,,16
168,Jun-14,,,,2218.0,8.0,0.0036,,,,6
169,Jun-14,,,,2588.0,4.0,0.0015,,,,7
170,Jun-14,,,,4067.0,1.0,0.0002,,,,7
171,Jun-14,,,,2749.0,3.0,0.0011,,,,6
172,Jun-14,,,,2630.0,3.0,0.0011,,,,9
173,Jun-14,,,,2952.0,0.0,0.0,,,,6
174,Jun-14,,,,1901.0,0.0,0.0,,,,8
175,Jun-14,,,,1974.0,0.0,0.0,,,,7
176,Jun-14,,,,4045.0,3.0,0.0007,,,,13
177,Jun-14,,,,2000.0,0.0,0.0,,,,8
178,Jun-14,,,,3165.0,1.0,0.0003,,,,8
179,Jun-14,,,,2867.0,2.0,0.0007,,,,6
180,Jun-14,,,,3559.0,0.0,0.0,,,,7
181,Jun-14,,,,7022.0,4.0,0.000569638,,,,8
182,Jun-14,,,,4543.0,17.0,0.003742021,50273.0,751.0,0.014938436000000001,22
183,Jun-14,,,,11211.0,20.0,0.001783962,,,,16
184,Jun-14,,,,2662.0,5.0,0.0018782870000000002,,,,22
185,Jun-14,,,,6266.0,0.0,0.0,,,,7
186,Jun-14,,,,2000.0,0.0,0.0,,,,11
187,Jun-14,,,,2038.0,0.0,0.0,,,,13
188,Jun-14,,,,,,,71864.0,536.0,0.007458533000000001,30
189,Jun-14,,,,6688.0,6.0,0.000897129,,,,10
190,Jun-14,,,,1965.0,0.0,0.0,,,,8
191,Jun-14,,,,4040.0,1.0,0.000247525,,,,19
192,Jun-14,,,,3353.0,0.0,0.0,,,,6
193,Jun-14,,,,1532.0,0.0,0.0,,,,9
194,Jun-14,,,,2917.0,1.0,0.00034281800000000005,,,,9
195,Jun-14,,,,2606.0,1.0,0.00038373,,,,7
196,Jun-14,,,,10513.0,27.0,0.002568249,57770.0,603.0,0.010437944000000001,27
197,Jun-14,,,,1935.0,0.0,0.0,,,,12
198,Jul-14,,,,150.0,0.0,0.0,71358.0,578.0,0.008100003,27
199,Jul-14,,,,17026.0,1.0,5.870000000000001e-05,,,,10
200,Jul-14,,,,2995.0,1.0,0.00033389,,,,18
201,Jul-14,,,,960.0,2.0,0.0020833329999999997,,,,17
202,Jul-14,65.0,1.0,0.015384615,1513.0,1.0,0.0006609389999999999,,,,8
203,Jul-14,,,,2944.0,8.0,0.0027173909999999996,,,,19
204,Jul-14,,,,6729.0,0.0,0.0,,,,7
205,Jul-14,,,,4308.0,6.0,0.0013927579999999998,,,,12
206,Jul-14,544.0,1.0,0.001838235,1831.0,3.0,0.001638449,,,,11
207,Jul-14,,,,1703.0,2.0,0.0011743980000000001,,,,10
208,Jul-14,,,,4985.0,24.0,0.004814443,,,,17
209,Jul-14,,,,2534.0,1.0,0.00039463300000000003,,,,9
210,Jul-14,,,,2123.0,3.0,0.001413095,,,,8
211,Jul-14,,,,3756.0,0.0,0.0,,,,6
212,Jul-14,,,,1426.0,1.0,0.000701262,,,,8
213,Jul-14,,,,50.0,0.0,0.0,82627.0,1091.0,0.013203916000000001,31
214,Jul-14,,,,,,,61832.0,337.0,0.005450251999999999,18
215,Jul-14,,,,1406.0,0.0,0.0,,,,17
216,Jul-14,382.0,0.0,0.0,1043.0,1.0,0.000958773,,,,8
217,Jul-14,,,,2519.0,4.0,0.001587932,,,,8
218,Jul-14,,,,16793.0,10.0,0.000595486,,,,15
219,Jul-14,,,,6133.0,0.0,0.0,,,,17
220,Jul-14,,,,2744.0,0.0,0.0,,,,6
221,Jul-14,,,,2766.0,1.0,0.00036153300000000004,,,,9
222,Jul-14,,,,2142.0,1.0,0.00046685300000000004,,,,9
223,Aug-14,,,,4819.0,6.0,0.001245072,,,,13
224,Aug-14,,,,1402.0,2.0,0.001426534,,,,6
225,Aug-14,,,,2722.0,0.0,0.0,,,,7
226,Aug-14,,,,2980.0,0.0,0.0,,,,7
227,Aug-14,,,,4013.0,2.0,0.00049838,,,,13
228,Aug-14,,,,4000.0,3.0,0.00075,,,,18
229,Aug-14,,,,2008.0,0.0,0.0,,,,10
230,Aug-14,,,,,,,66395.0,359.0,0.005407034000000001,22
231,Aug-14,,,,2608.0,1.0,0.00038343599999999997,,,,6
232,Aug-14,,,,4992.0,4.0,0.000801282,,,,11
233,Aug-14,,,,960.0,3.0,0.003125,,,,17
234,Aug-14,,,,3300.0,2.0,0.000606061,,,,13
235,Aug-14,427.0,3.0,0.007025761,984.0,2.0,0.00203252,,,,9
236,Aug-14,,,,2113.0,4.0,0.0018930429999999999,,,,7
237,Aug-14,,,,1675.0,1.0,0.000597015,,,,9
238,Aug-14,,,,3933.0,0.0,0.0,,,,5
239,Aug-14,,,,,,,71186.0,771.0,0.010830781000000001,28
240,Aug-14,,,,2818.0,3.0,0.001064585,,,,6
241,Aug-14,,,,2972.0,0.0,0.0,,,,8
242,Aug-14,,,,1658.0,1.0,0.000603136,,,,13
243,Aug-14,,,,12917.0,16.0,0.001238678,,,,15
244,Aug-14,,,,2831.0,1.0,0.000353232,,,,8
245,Aug-14,,,,1017.0,0.0,0.0,77272.0,505.0,0.006535356,28
246,Aug-14,,,,7070.0,0.0,0.0,,,,8
247,Aug-14,,,,1940.0,0.0,0.0,,,,11
248,Aug-14,,,,3056.0,0.0,0.0,,,,6
249,Aug-14,,,,17449.0,24.0,0.0013754370000000002,,,,16
250,Aug-14,,,,3094.0,0.0,0.0,,,,7
251,Aug-14,,,,2581.0,3.0,0.00116234,,,,11
252,Aug-14,,,,3785.0,2.0,0.000528402,,,,14
253,Sep-14,,,,2622.0,1.0,0.00038138800000000003,,,,9
254,Sep-14,,,,4575.0,0.0,0.0,,,,18
255,Sep-14,,,,3430.0,2.0,0.00058309,,,,8
256,Sep-14,,,,426.0,0.0,0.0,4604.0,80.0,0.017376195,13
257,Sep-14,,,,3150.0,1.0,0.00031746,,,,9
258,Sep-14,252.0,2.0,0.007936508,1153.0,2.0,0.001734605,,,,10
259,Sep-14,,,,6797.0,0.0,0.0,,,,10
260,Sep-14,,,,2148.0,3.0,0.001396648,,,,10
261,Sep-14,423.0,1.0,0.002364066,1009.0,2.0,0.001982161,,,,9
262,Sep-14,,,,19618.0,2.0,0.000101947,,,,13
263,Sep-14,,,,,,,67395.0,434.0,0.006439647,21
264,Sep-14,,,,960.0,0.0,0.0,,,,18
265,Sep-14,,,,8873.0,17.0,0.001915925,,,,9
266,Sep-14,,,,2077.0,0.0,0.0,,,,10
267,Sep-14,,,,2839.0,0.0,0.0,,,,8
268,Sep-14,,,,2383.0,7.0,0.0029374740000000002,,,,12
269,Sep-14,,,,6613.0,7.0,0.001058521,,,,22
270,Sep-14,,,,17085.0,26.0,0.001521803,15072.0,171.0,0.011345541,24
271,Sep-14,,,,2733.0,2.0,0.000731797,,,,13
272,Sep-14,,,,4581.0,16.0,0.003492687,,,,9
273,Sep-14,,,,2139.0,3.0,0.001402525,,,,12
274,Sep-14,,,,17069.0,23.0,0.0013474720000000002,,,,11
275,Sep-14,,,,2099.0,0.0,0.0,,,,10
276,Sep-14,,,,3354.0,5.0,0.001490757,,,,6
277,Sep-14,,,,1986.0,0.0,0.0,,,,8
278,Oct-14,,,,2920.0,0.0,0.0,,,,20
279,Oct-14,359.0,7.0,0.019498607,1582.0,1.0,0.000632111,,,,11
280,Oct-14,,,,18109.0,29.0,0.001601414,,,,17
281,Oct-14,,,,150.0,0.0,0.0,92733.0,771.0,0.008314192,21
282,Oct-14,,,,1981.0,0.0,0.0,,,,9
283,Oct-14,,,,2348.0,3.0,0.001277683,,,,10
284,Oct-14,,,,2534.0,53.0,0.020915549,,,,10
285,Oct-14,,,,3922.0,4.0,0.001019888,,,,13
286,Oct-14,,,,1999.0,0.0,0.0,,,,10
287,Oct-14,,,,1601.0,7.0,0.004372267,,,,10
288,Oct-14,,,,5581.0,14.0,0.002508511,,,,18
289,Oct-14,,,,4315.0,3.0,0.0006952489999999999,,,,20
290,Oct-14,297.0,2.0,0.006734006999999999,979.0,11.0,0.011235955,,,,10
291,Oct-14,,,,1901.0,2.0,0.0010520780000000001,,,,18
292,Oct-14,,,,16020.0,18.0,0.0011235960000000001,,,,24
293,Oct-14,,,,,,,79036.0,546.0,0.006908244,18
294,Oct-14,,,,960.0,0.0,0.0,,,,17
295,Oct-14,,,,1050.0,0.0,0.0,89759.0,386.0,0.004300404,26
296,Oct-14,,,,3396.0,0.0,0.0,,,,5
297,Oct-14,,,,3016.0,12.0,0.00397878,,,,34
298,Oct-14,,,,1700.0,1.0,0.000588235,,,,11
299,Oct-14,,,,3345.0,0.0,0.0,,,,6
300,Nov-14,,,,3169.0,2.0,0.000631114,,,,10
301,Nov-14,,,,2191.0,0.0,0.0,,,,7
302,Nov-14,,,,2371.0,5.0,0.002108815,,,,7
303,Nov-14,,,,1270.0,3.0,0.002362205,,,,9
304,Nov-14,,,,4297.0,0.0,0.0,,,,9
305,Nov-14,,,,2674.0,2.0,0.000747943,,,,9
306,Nov-14,,,,2760.0,2.0,0.000724638,,,,9
307,Nov-14,,,,1743.0,0.0,0.0,,,,9
308,Nov-14,,,,1390.0,6.0,0.0043165470000000004,,,,11
309,Nov-14,,,,6845.0,6.0,0.000876552,,,,7
310,Nov-14,,,,16273.0,13.0,0.0007988689999999999,,,,9
311,Nov-14,,,,4088.0,0.0,0.0,,,,8
312,Nov-14,,,,4500.0,7.0,0.001555556,,,,15
313,Nov-14,,,,3331.0,0.0,0.0,,,,6
314,Nov-14,,,,6638.0,4.0,0.000602591,,,,9
315,Nov-14,,,,3990.0,1.0,0.000250627,,,,7
316,Nov-14,,,,1984.0,1.0,0.000504032,,,,9
317,Nov-14,,,,2453.0,2.0,0.000815328,,,,10
318,Nov-14,,,,3006.0,2.0,0.0006653360000000001,,,,12
319,Nov-14,,,,3756.0,0.0,0.0,,,,6
320,Nov-14,,,,1297.0,0.0,0.0,,,,9
321,Nov-14,,,,4069.0,0.0,0.0,,,,11
322,Nov-14,,,,3195.0,1.0,0.000312989,,,,6
323,Nov-14,,,,1315.0,4.0,0.003041825,,,,10
324,Nov-14,,,,,,,76172.0,891.0,0.011697212,22
325,Nov-14,,,,3814.0,4.0,0.001048768,,,,7
326,Nov-14,,,,1429.0,3.0,0.00209937,500.0,0.0,0.0,12
327,Nov-14,,,,9958.0,21.0,0.002108857,62136.0,528.0,0.008497489,25
328,Dec-14,,,,2297.0,2.0,0.0008707010000000001,,,,21
329,Dec-14,,,,3397.0,2.0,0.000588755,,,,6
330,Dec-14,,,,11797.0,0.0,0.0,,,,9
331,Dec-14,,,,6746.0,4.0,0.000592944,,,,6
332,Dec-14,,,,4158.0,0.0,0.0,,,,5
333,Dec-14,,,,2877.0,2.0,0.0006951689999999999,,,,5
334,Dec-14,,,,2008.0,0.0,0.0,,,,10
335,Dec-14,,,,3500.0,4.0,0.001142857,,,,19
336,Dec-14,,,,2295.0,8.0,0.003485839,,,,20
337,Dec-14,,,,2880.0,1.0,0.00034722199999999995,,,,8
338,Dec-14,,,,1993.0,1.0,0.000501756,,,,12
339,Dec-14,,,,4104.0,0.0,0.0,,,,14
340,Dec-14,,,,3895.0,0.0,0.0,,,,6
341,Dec-14,,,,2918.0,3.0,0.001028101,,,,6
342,Dec-14,,,,3899.0,0.0,0.0,,,,6
343,Dec-14,,,,1894.0,0.0,0.0,,,,9
344,Dec-14,,,,2739.0,0.0,0.0,,,,6
345,Dec-14,,,,6596.0,4.0,0.000606428,,,,5
346,Dec-14,,,,3816.0,1.0,0.000262055,,,,6
347,Dec-14,,,,16639.0,30.0,0.0018,,,,10
348,Dec-14,,,,15788.0,55.0,0.0035,,,,36
349,Dec-14,,,,5411.0,6.0,0.0011,,,,13
350,Dec-14,,,,10685.0,13.0,0.0012,,,,20
351,Dec-14,,,,4241.0,4.0,0.0009,,,,13
352,Dec-14,,,,2001.0,0.0,0.0,,,,6
353,Dec-14,25.0,0.0,0.0,1299.0,2.0,0.0015,,,,12
354,Dec-14,,,,11914.0,10.0,0.0008,59827.0,254.0,0.0042,21
355,Dec-14,,,,3178.0,6.0,0.0019,,,,12
356,Dec-14,,,,150.0,0.0,0.0,76179.0,331.0,0.0043,20
357,Jan-15,,,,1079.0,6.0,0.0056,,,,19
358,Jan-15,,,,2077.0,0.0,0.0,,,,9
359,Jan-15,,,,1240.0,3.0,0.0024,,,,8
360,Jan-15,,,,15141.0,120.0,0.0079,,,,28
361,Jan-15,,,,4185.0,9.0,0.0022,,,,22
362,Jan-15,,,,2638.0,3.0,0.0011,,,,9
363,Jan-15,,,,2126.0,1.0,0.0005,,,,19
364,Jan-15,,,,2509.0,8.0,0.0032,,,,12
365,Jan-15,,,,1352.0,1.0,0.0007,,,,14
366,Jan-15,,,,3794.0,1.0,0.0003,,,,12
367,Jan-15,,,,1260.0,2.0,0.0016,,,,15
368,Jan-15,,,,4310.0,3.0,0.0007,,,,13
369,Jan-15,,,,6100.0,6.0,0.001,,,,18
370,Jan-15,,,,2446.0,6.0,0.0025,,,,22
371,Jan-15,,,,1599.0,7.0,0.0044,,,,15
372,Jan-15,,,,2871.0,2.0,0.0007,,,,8
373,Jan-15,,,,4103.0,0.0,0.0,,,,10
374,Jan-15,,,,2028.0,19.0,0.0094,,,,22
375,Jan-15,,,,1428.0,1.0,0.0007,,,,8
376,Jan-15,,,,2865.0,1.0,0.0003,,,,10
377,Jan-15,,,,3803.0,0.0,0.0,,,,9
378,Jan-15,,,,12867.0,10.0,0.0008,800.0,3.0,0.0038,22
379,Jan-15,,,,3326.0,0.0,0.0,,,,8
380,Jan-15,,,,4642.0,3.0,0.0006,,,,11
381,Jan-15,,,,3885.0,1.0,0.0003,,,,5
382,Feb-15,,,,3112.0,1.0,0.0003,,,,10
383,Feb-15,,,,256.0,0.0,0.0,76597.0,349.0,0.0046,19
384,Feb-15,,,,1854.0,1.0,0.0005,,,,8
385,Feb-15,,,,6104.0,3.0,0.0005,,,,15
386,Feb-15,,,,18564.0,33.0,0.0018,,,,28
387,Feb-15,,,,3067.0,0.0,0.0,,,,8
388,Feb-15,,,,3917.0,1.0,0.0003,,,,5
389,Feb-15,,,,9975.0,16.0,0.0016,49804.0,244.0,0.0049,24
390,Feb-15,,,,1335.0,3.0,0.0022,,,,15
391,Feb-15,,,,2074.0,6.0,0.0029,,,,14
392,Feb-15,,,,3832.0,0.0,0.0,,,,7
393,Feb-15,,,,1771.0,3.0,0.0017,,,,11
394,Feb-15,,,,2581.0,2.0,0.0008,,,,13
395,Feb-15,,,,7088.0,2.0,0.0003,,,,5
396,Feb-15,,,,1418.0,1.0,0.0007,,,,10
397,Feb-15,,,,2412.0,3.0,0.0012,,,,14
398,Feb-15,,,,2050.0,3.0,0.0015,,,,7
399,Feb-15,,,,2959.0,5.0,0.0017,,,,13
400,Feb-15,,,,1344.0,0.0,0.0,2100.0,7.0,0.0033,14
401,Feb-15,,,,6132.0,5.0,0.0008,,,,14
402,Feb-15,,,,298.0,0.0,0.0,85618.0,495.0,0.0058,23
403,Feb-15,,,,2869.0,2.0,0.0007,,,,14
404,Feb-15,,,,4036.0,2.0,0.0005,,,,8
405,Feb-15,,,,3880.0,34.0,0.0088,,,,13
406,Mar-15,,,,1903.0,0.0,0.0,,,,13
407,Mar-15,,,,3465.0,1.0,0.0003,,,,11
408,Mar-15,,,,1919.0,1.0,0.0005,,,,8
409,Mar-15,,,,1308.0,1.0,0.0008,,,,17
410,Mar-15,,,,6899.0,1.0,0.0001,,,,8
411,Mar-15,,,,3382.0,1.0,0.0003,,,,8
412,Mar-15,,,,3479.0,1.0,0.0003,,,,6
413,Mar-15,,,,1080.0,1.0,0.0009,,,,17
414,Mar-15,,,,3082.0,2.0,0.0006,,,,7
415,Mar-15,,,,2900.0,2.0,0.0007,,,,9
416,Mar-15,,,,2547.0,0.0,0.0,,,,9
417,Mar-15,,,,,,,77072.0,263.0,0.0034,21
418,Mar-15,,,,2531.0,2.0,0.0008,,,,9
419,Mar-15,,,,6891.0,0.0,0.0,,,,6
420,Mar-15,182.0,0.0,0.0,1289.0,0.0,0.0,,,,9
421,Mar-15,,,,2341.0,0.0,0.0,,,,11
422,Mar-15,,,,2046.0,0.0,0.0,,,,14
423,Mar-15,,,,3914.0,1.0,0.0003,,,,9
424,Mar-15,,,,4200.0,0.0,0.0,,,,7
425,Mar-15,,,,2200.0,3.0,0.0014,,,,18
426,Mar-15,,,,7050.0,2.0,0.0003,,,,10
427,Mar-15,,,,1290.0,0.0,0.0,,,,10
428,Mar-15,,,,50.0,0.0,0.0,84276.0,868.0,0.0103,23
429,Mar-15,,,,6917.0,1.0,0.0001,,,,11
430,Mar-15,,,,1381.0,0.0,0.0,,,,12
431,Mar-15,,,,1099.0,0.0,0.0,,,,10
432,Apr-15,,,,6459.0,1.0,0.0002,,,,4
433,Apr-15,,,,3871.0,3.0,0.0008,,,,8
434,Apr-15,,,,2896.0,1.0,0.0003,,,,7
435,Apr-15,,,,16210.0,97.0,0.006,16714.0,161.0,0.0096,36
436,Apr-15,,,,3881.0,1.0,0.0003,,,,6
437,Apr-15,,,,2752.0,0.0,0.0,,,,14
438,Apr-15,,,,3000.0,1.0,0.0003,,,,8
439,Apr-15,407.0,2.0,0.0049,4006.0,5.0,0.0012,,,,15
440,Apr-15,,,,100.0,0.0,0.0,89454.0,386.0,0.0043,26
441,Apr-15,,,,2841.0,1.0,0.0004,,,,15
442,Apr-15,,,,6909.0,0.0,0.0,,,,5
443,Apr-15,,,,3404.0,0.0,0.0,,,,8
444,Apr-15,,,,1080.0,2.0,0.0019,,,,17
445,Apr-15,,,,1177.0,1.0,0.0008,,,,10
446,Apr-15,,,,5162.0,1.0,0.0002,,,,6
447,Apr-15,,,,1444.0,0.0,0.0,,,,12
448,Apr-15,,,,3847.0,0.0,0.0,,,,5
449,Apr-15,,,,2900.0,0.0,0.0,,,,7
450,Apr-15,,,,3849.0,2.0,0.0005,,,,9
451,Apr-15,,,,17617.0,13.0,0.0007,,,,17
452,Apr-15,,,,6215.0,0.0,0.0,,,,4
453,Apr-15,,,,4149.0,1.0,0.0002,,,,10
454,Apr-15,,,,,,,75148.0,356.0,0.0047,21
455,Apr-15,,,,3888.0,1.0,0.0003,,,,5
456,Apr-15,,,,3614.0,0.0,0.0,,,,9
457,Apr-15,,,,1750.0,1.0,0.0006,,,,11
458,Apr-15,,,,1898.0,0.0,0.0,,,,9
459,Apr-15,,,,3141.0,0.0,0.0,,,,8
460,Apr-15,,,,2899.0,1.0,0.0003,,,,8
461,Apr-15,,,,3218.0,0.0,0.0,,,,7
462,Apr-15,,,,3901.0,1.0,0.0003,,,,6
463,Apr-15,,,,2727.0,0.0,0.0,,,,11
464,Apr-15,,,,10187.0,11.0,0.0011,,,,9
465,Apr-15,,,,7000.0,1.0,0.0001,,,,8
466,Apr-15,,,,6919.0,1.0,0.0001,,,,14
467,Apr-15,,,,2658.0,0.0,0.0,,,,7
468,Apr-15,,,,2144.0,2.0,0.0009,,,,10
469,May-15,,,,2549.0,2.0,0.0008,,,,9
470,May-15,,,,4203.0,1.0,0.0002,,,,6
471,May-15,,,,4558.0,1.0,0.0002,,,,12
472,May-15,,,,4000.0,2.0,0.0005,,,,6
473,May-15,,,,3336.0,0.0,0.0,,,,6
474,May-15,,,,1229.0,2.0,0.0016,,,,10
475,May-15,,,,4492.0,1.0,0.0002,,,,11
476,May-15,,,,,,,82509.0,312.0,0.0038,23
477,May-15,,,,2599.0,1.0,0.0004,,,,7
478,May-15,,,,5900.0,0.0,0.0,,,,16
479,May-15,,,,1748.0,0.0,0.0,,,,8
480,May-15,,,,2832.0,2.0,0.0007,,,,5
481,May-15,,,,6210.0,1.0,0.0002,,,,8
482,May-15,,,,3823.0,0.0,0.0,,,,6
483,May-15,,,,1852.0,0.0,0.0,,,,6
484,May-15,291.0,1.0,0.0034,2053.0,1.0,0.0005,,,,14
485,May-15,,,,1524.0,1.0,0.0007,,,,12
486,May-15,,,,200.0,1.0,0.005,91038.0,964.0,0.0106,39
487,May-15,,,,13429.0,10.0,0.0007,,,,19
488,May-15,,,,2072.0,9.0,0.0043,,,,10
489,May-15,,,,2800.0,1.0,0.0004,,,,7
490,May-15,,,,3789.0,0.0,0.0,,,,6
491,May-15,,,,18114.0,17.0,0.0009,,,,16
492,May-15,,,,7375.0,3.0,0.0004,,,,7
493,May-15,,,,960.0,0.0,0.0,,,,17
494,May-15,,,,2174.0,4.0,0.0018,,,,6
495,May-15,,,,2519.0,2.0,0.0008,,,,5
496,May-15,,,,6968.0,1.0,0.0001,,,,8
497,May-15,,,,2907.0,3.0,0.001,,,,17
498,May-15,,,,3970.0,0.0,0.0,,,,7
499,May-15,,,,2445.0,2.0,0.0008,,,,9
500,May-15,,,,1292.0,0.0,0.0,,,,10
501,May-15,,,,1956.0,0.0,0.0,,,,7
502,May-15,,,,2171.0,1.0,0.0005,,,,7
503,May-15,,,,,,,73961.0,483.0,0.0065,21
504,May-15,,,,2479.0,7.0,0.0028,,,,11
505,May-15,,,,3838.0,2.0,0.0005,,,,13
506,May-15,,,,2016.0,1.0,0.0005,,,,11
507,May-15,,,,5529.0,7.0,0.0013,,,,15
508,Jun-15,,,,3187.0,0.0,0.0,,,,7
509,Jun-15,,,,1000.0,0.0,0.0,,,,9
510,Jun-15,493.0,1.0,0.0,1496.0,1.0,0.001,,,,8
511,Jun-15,303.0,1.0,0.0033,4872.0,4.0,0.0008,,,,10
512,Jun-15,,,,4291.0,1.0,0.0002,,,,10
513,Jun-15,,,,3763.0,0.0,0.0,,,,12
514,Jun-15,,,,9039.0,14.0,0.0015,61551.0,397.0,0.0064,22
515,Jun-15,,,,3424.0,0.0,0.0,,,,11
516,Jun-15,,,,1657.0,5.0,0.003,,,,7
517,Jun-15,,,,2050.0,1.0,0.0005,,,,8
518,Jun-15,,,,2926.0,0.0,0.0,,,,9
519,Jun-15,,,,3798.0,0.0,0.0,,,,6
520,Jun-15,,,,5712.0,19.0,0.0033,,,,14
521,Jun-15,100.0,0.0,0.0,1300.0,0.0,0.0,,,,8
522,Jun-15,,,,2234.0,3.0,0.0013,,,,11
523,Jun-15,,,,3840.0,3.0,0.0008,,,,8
524,Jun-15,,,,2081.0,0.0,0.0,,,,7
525,Jun-15,,,,6548.0,1.0,0.0002,,,,6
526,Jun-15,,,,2250.0,1.0,0.000444444,,,,8
527,Jun-15,,,,19193.0,16.0,0.0008336369999999999,,,,18
528,Jun-15,,,,,,,73121.0,478.0,0.00653711,26
529,Jun-15,,,,2089.0,0.0,0.0,,,,5
530,Jun-15,,,,960.0,2.0,0.0020833329999999997,,,,17
531,Jun-15,,,,3114.0,0.0,0.0,,,,7
532,Jun-15,,,,2900.0,0.0,0.0,,,,5
533,Jun-15,,,,2748.0,0.0,0.0,,,,8
534,Jun-15,,,,16377.0,20.0,0.001221225,,,,11
535,Jun-15,,,,2294.0,2.0,0.00087184,,,,9
536,Jun-15,,,,1181.0,0.0,0.0,,,,15
537,Jun-15,,,,2990.0,1.0,0.00033444800000000005,,,,8
538,Jun-15,,,,1806.0,2.0,0.00110742,,,,9
539,Jun-15,,,,2305.0,1.0,0.000433839,,,,11
540,Jun-15,,,,2123.0,7.0,0.003297221,,,,9
541,Jul-15,,,,3940.0,1.0,0.000253807,,,,15
542,Jul-15,,,,,,,71804.0,420.0,0.005849256,21
543,Jul-15,,,,4198.0,1.0,0.00023820900000000002,,,,9
544,Jul-15,,,,4066.0,1.0,0.000245942,,,,9
545,Jul-15,,,,2095.0,1.0,0.000477327,,,,10
546,Jul-15,192.0,0.0,0.0,1284.0,0.0,0.0,,,,9
547,Jul-15,,,,6437.0,2.0,0.000310704,,,,7
548,Jul-15,,,,17516.0,52.0,0.0029687140000000003,7683.0,67.0,0.008720552,26
549,Jul-15,,,,1532.0,0.0,0.0,,,,12
550,Jul-15,,,,2253.0,3.0,0.0013315579999999998,,,,7
551,Jul-15,,,,6750.0,5.0,0.0007407410000000001,,,,7
552,Jul-15,,,,1650.0,0.0,0.0,,,,9
553,Jul-15,,,,3069.0,0.0,0.0,,,,7
554,Jul-15,,,,2580.0,2.0,0.000775194,,,,10
555,Jul-15,,,,3214.0,0.0,0.0,,,,7
556,Jul-15,,,,2194.0,2.0,0.000911577,,,,12
557,Jul-15,,,,3883.0,0.0,0.0,,,,7
558,Jul-15,941.0,4.0,0.004250797,17515.0,48.0,0.002740508,,,,25
559,Jul-15,,,,2904.0,4.0,0.00137741,,,,12
560,Jul-15,,,,3792.0,4.0,0.001054852,,,,18
561,Jul-15,,,,960.0,2.0,0.0020833329999999997,,,,17
562,Jul-15,,,,2849.0,0.0,0.0,,,,10
563,Jul-15,,,,100.0,0.0,0.0,83915.0,676.0,0.008055771,23
564,Jul-15,,,,2469.0,4.0,0.001620089,,,,8
565,Jul-15,,,,2010.0,0.0,0.0,,,,9
566,Jul-15,,,,1782.0,2.0,0.001122334,,,,5
567,Jul-15,,,,6050.0,15.0,0.002479339,,,,14
568,Jul-15,,,,2268.0,0.0,0.0,,,,8
569,Jul-15,,,,13844.0,35.0,0.002528171,7337.0,15.0,0.002044432,24
570,Jul-15,,,,2987.0,0.0,0.0,,,,8
571,Jul-15,,,,1436.0,7.0,0.004874652,,,,9
572,Aug-15,,,,6874.0,1.0,0.00014547600000000001,,,,13
573,Aug-15,,,,3200.0,4.0,0.00125,,,,17
574,Aug-15,,,,2461.0,2.0,0.0008126780000000001,,,,18
575,Aug-15,,,,,,,71677.0,1253.0,0.017481200000000002,21
576,Aug-15,,,,2905.0,0.0,0.0,,,,7
577,Aug-15,,,,3999.0,2.0,0.000500125,,,,8
578,Aug-15,,,,6057.0,3.0,0.000495295,,,,19
579,Aug-15,,,,2594.0,0.0,0.0,,,,11
580,Aug-15,,,,2090.0,3.0,0.001435407,,,,11
581,Aug-15,,,,1599.0,0.0,0.0,,,,10
582,Aug-15,,,,2622.0,1.0,0.00038138800000000003,,,,10
583,Aug-15,,,,2190.0,6.0,0.0027397259999999996,,,,7
584,Aug-15,,,,2760.0,4.0,0.001449275,,,,10
585,Aug-15,,,,4450.0,2.0,0.00044943800000000003,,,,18
586,Aug-15,,,,2997.0,1.0,0.00033366699999999995,,,,8
587,Aug-15,,,,3603.0,0.0,0.0,,,,4
588,Aug-15,525.0,0.0,0.0,920.0,2.0,0.002173913,,,,8
589,Aug-15,,,,81.0,0.0,0.0,5558.0,93.0,0.016732638,11
590,Aug-15,,,,4102.0,2.0,0.00048756699999999995,,,,9
591,Aug-15,,,,2167.0,2.0,0.000922935,,,,10
592,Aug-15,,,,5316.0,8.0,0.001504891,,,,18
593,Aug-15,,,,7994.0,0.0,0.0,,,,13
594,Aug-15,,,,100.0,0.0,0.0,74806.0,701.0,0.009370906,14
595,Aug-15,,,,960.0,2.0,0.0020833329999999997,,,,17
596,Aug-15,,,,4020.0,2.0,0.000497512,,,,16
597,Sep-15,,,,,,,68012.0,374.0,0.00549903,21
598,Sep-15,,,,3311.0,1.0,0.000302024,,,,18
599,Sep-15,,,,4744.0,11.0,0.002318718,,,,14
600,Sep-15,,,,2142.0,3.0,0.00140056,,,,12
601,Sep-15,,,,1201.0,0.0,0.0,,,,10
602,Sep-15,,,,2603.0,1.0,0.00038417199999999995,,,,7
603,Sep-15,503.0,0.0,0.0,12793.0,48.0,0.003752052,,,,16
604,Sep-15,,,,2084.0,5.0,0.0023992320000000003,,,,5
605,Sep-15,,,,2352.0,8.0,0.003401361,,,,12
606,Sep-15,,,,4029.0,3.0,0.000744602,,,,10
607,Sep-15,,,,2100.0,5.0,0.002380952,,,,22
608,Sep-15,,,,11459.0,25.0,0.002181691,49035.0,297.0,0.006056898000000001,22
609,Sep-15,,,,4071.0,10.0,0.0024563989999999997,,,,16
610,Sep-15,,,,4176.0,2.0,0.000478927,,,,16
611,Sep-15,,,,2081.0,0.0,0.0,,,,8
612,Sep-15,248.0,0.0,0.0,1060.0,3.0,0.0028301890000000003,,,,12
613,Sep-15,,,,,,,70810.0,359.0,0.005069905,21
614,Sep-15,,,,1794.0,0.0,0.0,,,,16
615,Sep-15,,,,,,,90732.0,464.0,0.0051139620000000005,27
616,Sep-15,,,,3107.0,7.0,0.002252977,,,,7
617,Sep-15,,,,2100.0,3.0,0.001428571,,,,13
618,Sep-15,,,,2669.0,3.0,0.001124016,,,,8
619,Sep-15,,,,1317.0,3.0,0.002277904,,,,14
620,Oct-15,156.0,0.0,0.0,1600.0,5.0,0.003125,,,,10
621,Oct-15,,,,3914.0,0.0,0.0,,,,6
622,Oct-15,,,,2642.0,1.0,0.000378501,,,,13
623,Oct-15,,,,4198.0,5.0,0.0011910430000000001,9981.0,66.0,0.0066125640000000005,22
624,Oct-15,,,,3304.0,1.0,0.000302663,,,,7
625,Oct-15,,,,2769.0,1.0,0.000361141,,,,5
626,Oct-15,,,,2972.0,0.0,0.0,,,,7
627,Oct-15,,,,6865.0,17.0,0.0024763289999999998,,,,20
628,Oct-15,,,,18618.0,8.0,0.00042969199999999996,,,,12
629,Oct-15,,,,3920.0,0.0,0.0,,,,7
630,Oct-15,,,,960.0,0.0,0.0,,,,17
631,Oct-15,,,,3872.0,0.0,0.0,,,,8
632,Oct-15,,,,3115.0,4.0,0.0012841089999999999,,,,5
633,Oct-15,,,,3296.0,0.0,0.0,,,,6
634,Oct-15,,,,1939.0,0.0,0.0,,,,7
635,Oct-15,,,,3565.0,1.0,0.000280505,,,,18
636,Oct-15,,,,4214.0,0.0,0.0,,,,9
637,Oct-15,,,,2972.0,2.0,0.000672948,,,,5
638,Oct-15,,,,2907.0,1.0,0.00034399699999999997,,,,8
639,Oct-15,,,,3050.0,0.0,0.0,,,,11
640,Oct-15,,,,2078.0,1.0,0.00048123199999999995,,,,9
641,Oct-15,,,,1650.0,3.0,0.0018181820000000002,,,,9
642,Oct-15,,,,2073.0,3.0,0.001447178,,,,8
643,Oct-15,,,,3999.0,0.0,0.0,,,,5
644,Oct-15,,,,3613.0,0.0,0.0,,,,5
645,Oct-15,752.0,2.0,0.002659574,4184.0,6.0,0.001434034,,,,17
646,Oct-15,,,,,,,72789.0,256.0,0.003517015,19
647,Oct-15,,,,3857.0,8.0,0.002074151,,,,9
648,Oct-15,,,,2952.0,0.0,0.0,,,,5
649,Oct-15,,,,18648.0,9.0,0.000482625,,,,13
650,Oct-15,,,,3113.0,0.0,0.0,,,,6
651,Oct-15,,,,2109.0,4.0,0.0018966329999999998,,,,7
652,Oct-15,,,,452.0,0.0,0.0,82268.0,305.0,0.003707395,18
653,Nov-15,,,,2900.0,1.0,0.00034482800000000004,,,,7
654,Nov-15,,,,4060.0,0.0,0.0,,,,6
655,Nov-15,,,,1873.0,0.0,0.0,,,,8
656,Nov-15,,,,4105.0,1.0,0.000243605,,,,4
657,Nov-15,,,,2713.0,1.0,0.000368596,,,,5
658,Nov-15,,,,3047.0,1.0,0.000328192,,,,7
659,Nov-15,,,,3927.0,0.0,0.0,,,,6
660,Nov-15,,,,,,,81261.0,389.0,0.004787044,23
661,Nov-15,,,,1080.0,0.0,0.0,,,,17
662,Nov-15,,,,2440.0,3.0,0.001229508,,,,9
663,Nov-15,,,,4425.0,0.0,0.0,,,,18
664,Nov-15,,,,2011.0,0.0,0.0,,,,7
665,Nov-15,,,,6000.0,2.0,0.00033333300000000006,,,,10
666,Nov-15,,,,4053.0,2.0,0.000493462,,,,5
667,Nov-15,,,,1905.0,1.0,0.000524934,,,,9
668,Nov-15,,,,4430.0,6.0,0.0013544020000000002,9581.0,19.0,0.001983092,21
669,Nov-15,,,,2085.0,5.0,0.002398082,,,,11
670,Nov-15,,,,17152.0,58.0,0.00338153,,,,34
671,Nov-15,,,,4127.0,0.0,0.0,,,,9
672,Nov-15,,,,3769.0,2.0,0.000530645,,,,11
673,Nov-15,,,,2841.0,0.0,0.0,,,,7
674,Nov-15,,,,13556.0,27.0,0.001991738,,,,26
675,Nov-15,,,,3258.0,0.0,0.0,,,,6
676,Nov-15,,,,1906.0,1.0,0.000524659,,,,8
677,Nov-15,,,,2936.0,14.0,0.004768392,,,,12
678,Nov-15,,,,3832.0,3.0,0.000782881,,,,11
679,Nov-15,,,,6196.0,8.0,0.0012911560000000001,,,,20
680,Nov-15,,,,7228.0,4.0,0.0005534030000000001,,,,12
681,Dec-15,,,,3700.0,1.0,0.00027027,,,,18
682,Dec-15,,,,3000.0,1.0,0.00033333300000000006,,,,9
683,Dec-15,,,,2050.0,0.0,0.0,,,,6
684,Dec-15,,,,2004.0,0.0,0.0,,,,6
685,Dec-15,,,,3095.0,1.0,0.000323102,,,,9
686,Dec-15,,,,3512.0,5.0,0.00142369,,,,16
687,Dec-15,,,,1744.0,0.0,0.0,,,,14
688,Dec-15,,,,4245.0,8.0,0.00188457,,,,25
689,Dec-15,,,,100.0,0.0,0.0,74531.0,298.0,0.003998336,19
690,Dec-15,,,,3125.0,3.0,0.0009599999999999999,,,,20
691,Dec-15,,,,2764.0,0.0,0.0,,,,9
692,Dec-15,4.0,0.0,0.0,3020.0,0.0,0.0,,,,7
693,Dec-15,,,,3323.0,4.0,0.001203732,,,,13
694,Dec-15,,,,2868.0,3.0,0.001046025,,,,7
695,Dec-15,,,,1663.0,2.0,0.0012026460000000001,,,,7
696,Dec-15,,,,2915.0,0.0,0.0,,,,11
697,Dec-15,,,,906.0,0.0,0.0,71756.0,576.0,0.008,31
698,Dec-15,,,,3685.0,3.0,0.0008,,,,14
699,Dec-15,,,,1080.0,0.0,0.0,,,,19
700,Dec-15,,,,2123.0,8.0,0.0038,,,,16
701,Dec-15,,,,2507.0,7.0,0.0028,,,,26
702,Dec-15,,,,100.0,0.0,0.0,71980.0,516.0,0.0072,24
703,Dec-15,,,,2872.0,0.0,0.0,,,,13
704,Dec-15,,,,1314.0,4.0,0.003,,,,14
705,Dec-15,,,,2482.0,0.0,0.0,,,,19
706,Dec-15,,,,17378.0,3.0,0.0002,,,,10
707,Dec-15,,,,4093.0,3.0,0.0007,,,,9
708,Dec-15,,,,2204.0,4.0,0.0018,,,,15
709,Dec-15,,,,2238.0,2.0,0.0009,,,,11
710,Jan-16,,,,6096.0,6.0,0.001,,,,13
711,Jan-16,,,,2200.0,1.0,0.0005,,,,11
712,Jan-16,,,,2847.0,5.0,0.0018,,,,11
713,Jan-16,,,,2792.0,3.0,0.0011,,,,12
714,Jan-16,,,,5610.0,3.0,0.0005,,,,15
715,Jan-16,,,,3167.0,2.0,0.0006,,,,6
716,Jan-16,,,,2023.0,3.0,0.0015,,,,14
717,Jan-16,,,,6381.0,8.0,0.0013,,,,13
718,Jan-16,,,,1350.0,1.0,0.0007,,,,11
719,Jan-16,,,,2063.0,1.0,0.0005,,,,9
720,Jan-16,,,,6951.0,21.0,0.003,,,,27
721,Jan-16,,,,1886.0,0.0,0.0,,,,8
722,Jan-16,,,,17659.0,50.0,0.0028,,,,20
723,Jan-16,,,,17507.0,75.0,0.0043,5898.0,40.0,0.0068,38
724,Jan-16,,,,3082.0,1.0,0.0003,,,,7
725,Jan-16,,,,3086.0,1.0,0.0003,,,,7
726,Jan-16,,,,100.0,0.0,0.0,87635.0,329.0,0.0038,26
727,Jan-16,,,,4000.0,0.0,0.0,,,,9
728,Jan-16,,,,1080.0,1.0,0.0009,,,,18
729,Jan-16,,,,3111.0,0.0,0.0,,,,6
730,Jan-16,,,,2025.0,3.0,0.0015,,,,10
731,Jan-16,,,,2887.0,1.0,0.0003,,,,9
732,Jan-16,,,,2880.0,1.0,0.0003,,,,8
733,Jan-16,,,,1250.0,0.0,0.0,,,,8
734,Jan-16,,,,683.0,2.0,0.0029,3352.0,59.0,0.0176,11
735,Jan-16,,,,4094.0,1.0,0.0002,,,,8
736,Jan-16,,,,3836.0,1.0,0.0003,,,,9
737,Feb-16,,,,4110.0,1.0,0.0002,,,,8
738,Feb-16,,,,8400.0,28.0,0.0033,,,,24
739,Feb-16,,,,3156.0,0.0,0.0,,,,7
740,Feb-16,,,,3195.0,0.0,0.0,,,,7
741,Feb-16,,,,5140.0,6.0,0.0012,,,,20
742,Feb-16,,,,3000.0,2.0,0.0007,,,,9
743,Feb-16,,,,2982.0,3.0,0.001,,,,12
744,Feb-16,,,,6282.0,12.0,0.0019,,,,13
745,Feb-16,,,,1976.0,2.0,0.001,,,,10
746,Feb-16,,,,230.0,0.0,0.0,73956.0,412.0,0.0056,27
747,Feb-16,,,,3290.0,4.0,0.0012,,,,17
748,Feb-16,,,,2998.0,4.0,0.0013,,,,14
749,Feb-16,,,,10768.0,47.0,0.0044,41778.0,269.0,0.0064,27
750,Feb-16,,,,2982.0,1.0,0.0003,,,,5
751,Feb-16,,,,2393.0,12.0,0.005,,,,17
752,Feb-16,,,,1874.0,15.0,0.008,,,,13
753,Feb-16,,,,4070.0,2.0,0.0005,,,,9
754,Feb-16,213.0,0.0,0.0,1185.0,1.0,0.0008,,,,9
755,Feb-16,,,,2971.0,0.0,0.0,,,,8
756,Feb-16,,,,3237.0,0.0,0.0,,,,6
757,Feb-16,,,,2443.0,0.0,0.0,,,,10
758,Feb-16,,,,3899.0,0.0,0.0,,,,9
759,Feb-16,,,,1003.0,6.0,0.006,2355.0,17.0,0.0072,12
760,Feb-16,,,,2016.0,6.0,0.003,,,,9
761,Feb-16,,,,3231.0,0.0,0.0,,,,10
762,Feb-16,,,,4189.0,1.0,0.0002,,,,6
763,Feb-16,,,,1080.0,0.0,0.0,,,,18
764,Mar-16,,,,305.0,1.0,0.0033,72609.0,287.0,0.004,23
765,Mar-16,,,,1825.0,0.0,0.0,,,,9
766,Mar-16,,,,3085.0,0.0,0.0,,,,7
767,Mar-16,,,,3431.0,3.0,0.0009,,,,14
768,Mar-16,,,,2493.0,3.0,0.0012,,,,23
769,Mar-16,,,,1003.0,1.0,0.001,63669.0,149.0,0.0023,24
770,Mar-16,,,,3772.0,0.0,0.0,,,,5
771,Mar-16,,,,3029.0,6.0,0.002,,,,14
772,Mar-16,,,,2922.0,0.0,0.0,,,,8
773,Mar-16,,,,4201.0,1.0,0.0002,,,,8
774,Mar-16,,,,1705.0,2.0,0.0012,,,,12
775,Mar-16,,,,3310.0,1.0,0.0003,,,,7
776,Mar-16,,,,3958.0,15.0,0.0038,,,,18
777,Mar-16,,,,2932.0,10.0,0.0034,,,,11
778,Mar-16,,,,1318.0,13.0,0.0099,,,,5
779,Mar-16,,,,3380.0,1.0,0.0003,,,,8
780,Mar-16,,,,16812.0,67.0,0.004,,,,37
781,Mar-16,,,,1764.0,25.0,0.0142,,,,12
782,Mar-16,,,,3629.0,8.0,0.0022,,,,17
783,Mar-16,,,,1123.0,4.0,0.0036,1214.0,17.0,0.013999999999999999,12
784,Mar-16,,,,2549.0,6.0,0.0024,,,,12
785,Mar-16,,,,1799.0,0.0,0.0,,,,7
786,Mar-16,,,,19485.0,16.0,0.0008,,,,21
787,Mar-16,,,,3043.0,0.0,0.0,,,,9
788,Mar-16,,,,3831.0,1.0,0.0003,,,,7
789,Mar-16,,,,,,,66247.0,133.0,0.002,22
790,Mar-16,,,,1952.0,6.0,0.0031,,,,10
791,Mar-16,,,,5952.0,9.0,0.0015,,,,22
792,Mar-16,,,,3244.0,0.0,0.0,,,,8
793,Mar-16,,,,4456.0,3.0,0.0007,,,,13
794,Apr-16,,,,2791.0,2.0,0.0007,,,,15
795,Apr-16,,,,1743.0,7.0,0.004,,,,10
796,Apr-16,,,,2098.0,0.0,0.0,,,,5
797,Apr-16,,,,3447.0,0.0,0.0,,,,5
798,Apr-16,,,,1080.0,0.0,0.0,,,,17
799,Apr-16,,,,3347.0,1.0,0.0003,,,,10
800,Apr-16,,,,6033.0,2.0,0.0003,,,,16
801,Apr-16,,,,3914.0,10.0,0.0026,,,,18
802,Apr-16,,,,1901.0,0.0,0.0,,,,6
803,Apr-16,,,,3119.0,20.0,0.0064,,,,19
804,Apr-16,,,,3197.0,0.0,0.0,,,,12
805,Apr-16,,,,150.0,0.0,0.0,62922.0,253.0,0.004,20
806,Apr-16,,,,2838.0,2.0,0.0007,,,,5
807,Apr-16,,,,3875.0,0.0,0.0,,,,4
808,Apr-16,,,,10215.0,48.0,0.0047,60973.0,372.0,0.0061,29
809,Apr-16,,,,2064.0,11.0,0.0053,,,,12
810,Apr-16,77.0,0.0,0.0,1165.0,1.0,0.0009,,,,9
811,Apr-16,,,,3135.0,0.0,0.0,,,,5
812,Apr-16,,,,1637.0,2.0,0.0012,,,,9
813,Apr-16,,,,17235.0,18.0,0.001,,,,18
814,Apr-16,,,,5428.0,9.0,0.0017,,,,18
815,Apr-16,,,,2839.0,0.0,0.0,,,,7
816,Apr-16,,,,3741.0,0.0,0.0,,,,6
817,Apr-16,,,,2486.0,4.0,0.0016,,,,9
818,Apr-16,,,,2901.0,4.0,0.0014,,,,8
819,Apr-16,,,,2625.0,1.0,0.0004,,,,8
820,Apr-16,,,,200.0,0.0,0.0,69678.0,298.0,0.0043,24
821,May-16,,,,3627.0,0.0,0.0,,,,9
822,May-16,,,,2087.0,10.0,0.0048,,,,10
823,May-16,,,,960.0,1.0,0.001,,,,17
824,May-16,,,,3000.0,3.0,0.001,,,,7
825,May-16,,,,3688.0,5.0,0.0014,,,,5
826,May-16,,,,3001.0,1.0,0.0003,,,,7
827,May-16,,,,2862.0,2.0,0.0007,,,,5
828,May-16,,,,1220.0,0.0,0.0,,,,23
829,May-16,,,,1650.0,3.0,0.0018,,,,12
830,May-16,,,,2594.0,0.0,0.0,,,,16
831,May-16,,,,4000.0,4.0,0.001,,,,12
832,May-16,,,,300.0,0.0,0.0,73838.0,574.0,0.0078,31
833,May-16,,,,3638.0,0.0,0.0,,,,4
834,May-16,,,,3996.0,7.0,0.0018,,,,17
835,May-16,,,,18995.0,8.0,0.0004,,,,17
836,May-16,,,,1664.0,4.0,0.0024,,,,13
837,May-16,,,,4310.0,5.0,0.0012,,,,13
838,May-16,,,,4012.0,0.0,0.0,,,,5
839,May-16,,,,3858.0,1.0,0.0003,,,,9
840,May-16,,,,2451.0,15.0,0.0061,,,,9
841,May-16,,,,3921.0,1.0,0.0003,,,,17
842,May-16,,,,2330.0,0.0,0.0,,,,6
843,May-16,,,,2824.0,3.0,0.0011,,,,10
844,May-16,,,,3753.0,4.0,0.0011,,,,4
845,May-16,,,,3362.0,4.0,0.0012,,,,7
846,Jun-16,145.0,1.0,0.0069,1122.0,8.0,0.0071,,,,8
847,Jun-16,,,,2985.0,10.0,0.0034,,,,17
848,Jun-16,,,,3876.0,1.0,0.0003,,,,5
849,Jun-16,,,,2735.0,0.0,0.0,,,,7
850,Jun-16,,,,5932.0,0.0,0.0,,,,12
851,Jun-16,,,,2850.0,2.0,0.0007,,,,12
852,Jun-16,,,,2766.0,5.0,0.0018,,,,6
853,Jun-16,,,,2860.0,1.0,0.0003,,,,4
854,Jun-16,,,,2240.0,1.0,0.0004,,,,8
855,Jun-16,,,,3864.0,1.0,0.0003,,,,7
856,Jun-16,,,,3799.0,0.0,0.0,,,,6
857,Jun-16,,,,1965.0,5.0,0.0025,,,,12
858,Jun-16,,,,2782.0,1.0,0.0004,,,,8
859,Jun-16,,,,2036.0,0.0,0.0,,,,7
860,Jun-16,,,,3943.0,1.0,0.0003,,,,6
861,Jun-16,,,,3895.0,0.0,0.0,,,,5
862,Apr-16,,,,6677.0,153.0,0.022914483,,,,26
863,May-16,182.0,1.0,0.005494505,1506.0,,,,,,8
864,May-16,,,,14257.0,,,,,,27
865,Jun-16,,,,10807.0,23.0,0.00212825,11987.0,35.0,0.00291983,29
866,Jun-16,,,,8531.0,56.0,0.006564295,40709.0,488.0,0.011987521000000001,23
867,Jun-16,,,,50.0,,,62028.0,323.0,0.005207326,20
868,Jun-16,,,,5610.0,2.0,0.000356506,,,,19
869,Jun-16,,,,2048.0,3.0,0.0014648439999999999,,,,5
870,Jun-16,,,,2942.0,1.0,0.000339905,8000.0,16.0,0.002,17
871,Jun-16,,,,1461.0,4.0,0.002737851,,,,9
872,Jun-16,,,,7661.0,3.0,0.000391594,,,,6
873,Jun-16,,,,1950.0,1.0,0.000512821,,,,9
874,Jun-16,,,,2693.0,1.0,0.000371333,,,,10
875,Jun-16,,,,2954.0,4.0,0.0013540960000000002,,,,7
876,Jun-16,,,,3914.0,1.0,0.000255493,,,,6
877,Jun-16,,,,4143.0,12.0,0.0028964520000000003,,,,14
878,Jun-16,,,,2780.0,2.0,0.000719424,,,,9
879,Jul-16,,,,9723.0,33.0,0.0033940140000000003,47751.0,362.0,0.007580993,23
880,Jul-16,,,,2455.0,8.0,0.003258656,,,,9
881,Jul-16,,,,,,,69322.0,1741.0,0.0251,25
882,Jul-16,,,,1997.0,,,,,,9
883,Jul-16,,,,2833.0,,,,,,13
884,Jul-16,,,,3034.0,,,,,,6
885,Jul-16,,,,12352.0,7.0,0.00056671,,,,20
886,Jul-16,,,,4002.0,2.0,0.00049975,,,,5
887,Jul-16,,,,3779.0,,,,,,5
888,Jul-16,100.0,,,1520.0,,,,,,10
889,Jul-16,,,,3782.0,,,,,,6
890,Jul-16,,,,2224.0,3.0,0.001348921,,,,9
891,Jul-16,,,,3903.0,3.0,0.00076864,,,,14
892,Jul-16,,,,2423.0,4.0,0.001650846,,,,9
893,Jul-16,,,,3782.0,1.0,0.00026441,,,,4
894,Jul-16,,,,2976.0,,,,,,6
895,Jul-16,,,,,,,64778.0,746.0,0.011516256,20
896,Jul-16,,,,3660.0,2.0,0.000546448,,,,6
897,Jul-16,,,,4073.0,12.0,0.0029462309999999997,,,,14
898,Jul-16,,,,2000.0,,,,,,5
899,Jul-16,,,,4020.0,3.0,0.0007462689999999999,,,,16
900,Jul-16,,,,2702.0,1.0,0.000370096,,,,9
901,Jul-16,,,,2761.0,,,,,,5
902,Jul-16,,,,2836.0,1.0,0.00035260900000000004,,,,6
903,Jul-16,,,,7292.0,9.0,0.0012342289999999999,,,,8
904,Aug-16,,,,1744.0,,,,,,10
905,Aug-16,,,,3215.0,,,,,,6
906,Aug-16,,,,3591.0,6.0,0.0016708439999999999,,,,11
907,Aug-16,,,,2052.0,7.0,0.003411306,,,,5
908,Aug-16,,,,1699.0,1.0,0.0005885819999999999,,,,16
909,Aug-16,,,,3784.0,12.0,0.0031712470000000003,,,,9
910,Aug-16,,,,2824.0,,,,,,10
911,Aug-16,,,,3123.0,1.0,0.000320205,,,,17
912,Aug-16,,,,3773.0,1.0,0.000265041,,,,4
913,Aug-16,,,,,,,63250.0,712.0,0.01128475,23
914,Aug-16,499.0,,,1080.0,,,,,,7
915,Aug-16,,,,2347.0,3.0,0.001278228,,,,8
916,Aug-16,,,,6794.0,1.0,0.000147189,,,,8
917,Aug-16,,,,3155.0,,,,,,5
918,Aug-16,,,,,,,60112.0,748.0,0.012443438999999999,25
919,Aug-16,,,,6566.0,3.0,0.00045689900000000003,,,,8
920,Aug-16,,,,2839.0,,,,,,5
921,Aug-16,,,,3331.0,4.0,0.001200841,,,,13
922,Aug-16,,,,3897.0,3.0,0.000769823,,,,12
923,Aug-16,,,,3117.0,,,,,,6
924,Aug-16,,,,6165.0,11.0,0.001784266,,,,7
925,Aug-16,,,,7277.0,6.0,0.0008245160000000001,,,,10
926,Aug-16,,,,1890.0,1.0,0.000529101,,,,12
927,Aug-16,,,,3065.0,2.0,0.000652529,,,,5
928,Aug-16,,,,3444.0,1.0,0.00029036,,,,15
929,Aug-16,,,,2857.0,2.0,0.000700035,,,,8
930,Aug-16,,,,200.0,,,55169.0,823.0,0.014917798000000001,20
931,Aug-16,,,,1110.0,2.0,0.0018018020000000001,6600.0,67.0,0.010151515,15
932,Aug-16,,,,6999.0,5.0,0.000714388,41286.0,441.0,0.010681587,21
933,42614,,,,3734.0,2.0,0.000535619,,,,11
934,Aug-16,,,,3066.0,2.0,0.000652316,,,,10
935,Aug-16,,,,2000.0,,,,,,7
936,Sep-16,,,,3045.0,3.0,0.000985222,,,,18
937,Sep-16,770.0,6.0,0.007792208,2653.0,24.0,0.009046363,,,,13
938,Sep-16,,,,2260.0,,,,,,9
939,Sep-16,,,,3947.0,2.0,0.000506714,,,,16
940,Sep-16,,,,2634.0,,,,,,7
941,Sep-16,,,,3877.0,8.0,0.002063451,,,,17
942,Sep-16,,,,2672.0,1.0,0.000374251,,,,13
943,Sep-16,,,,,,,70415.0,640.0,0.009088973,24
944,Sep-16,1114.0,3.0,0.002692998,907.0,3.0,0.003307607,,,,9
945,Sep-16,,,,4934.0,11.0,0.002229428,26479.0,525.0,0.019827033,18
946,Sep-16,,,,2502.0,2.0,0.0007993610000000001,,,,9
947,Sep-16,,,,2159.0,,,,,,16
948,Sep-16,,,,3000.0,,,,,,19
949,Sep-16,458.0,2.0,0.004366812,796.0,2.0,0.0025125629999999998,,,,10
950,Oct-16,,,,3267.0,1.0,0.000306091,,,,6
951,Oct-16,,,,2790.0,,,,,,14
952,Oct-16,,,,4787.0,7.0,0.0014622939999999998,,,,9
953,Oct-16,,,,,,,70986.0,629.0,0.008860902,24
954,Oct-16,,,,2983.0,2.0,0.0006704660000000001,,,,11
955,Oct-16,,,,3573.0,1.0,0.000279877,,,,8
956,Oct-16,,,,4034.0,5.0,0.001239465,,,,17
957,Oct-16,,,,3106.0,1.0,0.000321958,,,,13
958,Oct-16,,,,3571.0,1.0,0.000280034,,,,8
959,Oct-16,,,,,,,79166.0,221.0,0.0027916020000000002,23
960,Oct-16,,,,2267.0,3.0,0.001323335,,,,9
961,Oct-16,,,,2562.0,2.0,0.00078064,,,,15
962,Oct-16,,,,3152.0,2.0,0.000634518,,,,6
963,Oct-16,,,,960.0,1.0,0.001041667,,,,19
964,Oct-16,,,,2726.0,2.0,0.0007336760000000001,,,,9
965,Oct-16,,,,3887.0,1.0,0.000257268,,,,7
966,Oct-16,,,,1494.0,5.0,0.00334672,,,,13
967,Oct-16,,,,2032.0,1.0,0.000492126,,,,7
968,Oct-16,,,,4000.0,3.0,0.00075,,,,19
969,Oct-16,,,,3002.0,,,,,,5
970,Oct-16,,,,15366.0,46.0,0.002993622,,,,25
971,Nov-16,,,,2419.0,1.0,0.00041339400000000003,,,,9
972,Nov-16,372.0,7.0,0.018817204,2407.0,5.0,0.002077275,,,,12
973,Nov-16,,,,6753.0,2.0,0.000296165,,,,11
974,Nov-16,,,,2864.0,,,,,,8
975,Nov-16,,,,3167.0,,,,,,6
976,Nov-16,,,,,,,79621.0,734.0,0.009218673,24
977,Nov-16,,,,3662.0,,,,,,8
978,Nov-16,,,,16322.0,11.0,0.000673937,,,,25
979,Nov-16,,,,3683.0,2.0,0.000543036,,,,9
980,Nov-16,,,,6330.0,5.0,0.0007898889999999999,,,,22
981,Nov-16,,,,2011.0,2.0,0.00099453,,,,9
982,Nov-16,,,,447.0,1.0,0.0022371360000000002,,,,9
983,Nov-16,,,,7248.0,,,,,,9
984,Nov-16,300.0,2.0,0.006666666999999999,1294.0,6.0,0.004636785,,,,10
985,Nov-16,,,,2454.0,1.0,0.000407498,,,,12
986,Nov-16,,,,2566.0,1.0,0.00038971199999999996,,,,9
987,Nov-16,,,,1871.0,,,,,,11
988,Nov-16,,,,6912.0,2.0,0.000289352,,,,9
989,Nov-16,,,,3050.0,1.0,0.000327869,,,,6
990,Nov-16,,,,2794.0,1.0,0.00035791,,,,10
991,Nov-16,,,,3855.0,1.0,0.000259403,,,,8
992,Nov-16,,,,3679.0,,,,,,8
993,Nov-16,,,,175.0,,,71821.0,542.0,0.0075465390000000005,24
994,Nov-16,,,,3103.0,1.0,0.00032226900000000003,,,,13
995,Dec-16,,,,3717.0,1.0,0.000269034,,,,9
996,Dec-16,,,,2998.0,,,,,,5
997,Dec-16,,,,4193.0,7.0,0.001669449,,,,20
998,Dec-16,,,,7029.0,11.0,0.001564945,,,,18
999,Dec-16,,,,3644.0,,,,,,8
1000,Dec-16,,,,2020.0,,,,,,9
1001,Dec-16,,,,3577.0,,,,,,6
1002,Dec-16,,,,2639.0,3.0,0.001136794,,,,9
1003,Dec-16,,,,2529.0,,,,,,5
1004,Dec-16,,,,1254.0,3.0,0.002392344,,,,18
1005,Dec-16,,,,1795.0,2.0,0.001114206,,,,9
1006,Dec-16,,,,6972.0,1.0,0.00014343100000000002,,,,6
1007,Dec-16,,,,3785.0,2.0,0.000528402,,,,10
1008,Dec-16,,,,3680.0,1.0,0.000271739,,,,7
1009,Dec-16,,,,3826.0,1.0,0.00026137,,,,6
1010,Nov-16,,,,12517.0,14.0,0.0011,,,,28
1011,Dec-16,,,,5504.0,16.0,0.0029,,,,30
1012,Dec-16,,,,3811.0,0.0,0.0,,,,6
1013,Dec-16,,,,2792.0,1.0,0.0004,,,,10
1014,Dec-16,,,,4190.0,2.0,0.0005,,,,18
1015,Dec-16,,,,2691.0,3.0,0.0011,7787.0,48.0,0.0062,27
1016,Dec-16,,,,16336.0,27.0,0.0017,,,,22
1017,Dec-16,,,,1048.0,0.0,0.0,,,,18
1018,Dec-16,,,,1780.0,3.0,0.0017,,,,12
1019,Dec-16,,,,50.0,0.0,0.0,79282.0,583.0,0.0074,26
1020,Dec-16,,,,2834.0,2.0,0.0007,,,,9
1021,Dec-16,,,,3644.0,0.0,0.0,,,,8
1022,Dec-16,,,,8700.0,7.0,0.0008,2902.0,34.0,0.0117,24
1023,Dec-16,,,,6455.0,10.0,0.0015,,,,21
1024,Dec-16,,,,2886.0,0.0,0.0,,,,9
1025,Jan-17,,,,1206.0,1.0,0.0009,,,,9
1026,Jan-17,,,,5033.0,23.0,0.0046,,,,14
1027,Jan-17,,,,2830.0,4.0,0.0014,,,,9
1028,Jan-17,,,,2366.0,4.0,0.0017,,,,11
1029,Jan-17,,,,2023.0,1.0,0.0005,,,,11
1030,Jan-17,,,,3628.0,1.0,0.0003,,,,8
1031,Jan-17,,,,1787.0,4.0,0.0022,,,,17
1032,Jan-17,,,,3796.0,1.0,0.0003,,,,6
1033,Jan-17,,,,3694.0,0.0,0.0,,,,6
1034,Jan-17,,,,6125.0,5.0,0.0008,,,,18
1035,Jan-17,,,,199.0,0.0,0.0,61595.0,176.0,0.0029,23
1036,Jan-17,,,,1542.0,12.0,0.0078,,,,12
1037,Jan-17,,,,1077.0,2.0,0.0019,,,,17
1038,Jan-17,,,,1805.0,4.0,0.0022,,,,12
1039,Jan-17,,,,2520.0,2.0,0.0008,,,,16
1040,Jan-17,,,,4945.0,6.0,0.0012,,,,17
1041,Jan-17,,,,3640.0,1.0,0.0003,,,,7
1042,Jan-17,,,,3577.0,2.0,0.0006,,,,5
1043,Jan-17,,,,1456.0,8.0,0.0055,,,,12
1044,Jan-17,,,,2900.0,2.0,0.0007,,,,10
1045,Jan-17,400.0,0.0,0.0,13069.0,8.0,0.0006,,,,19
1046,Feb-17,,,,2415.0,3.0,0.0012,,,,18
1047,Feb-17,,,,,,,24741.0,93.0,0.0038,19
1048,Feb-17,,,,1195.0,4.0,0.0033,,,,17
1049,Feb-17,,,,2947.0,5.0,0.0017,,,,9
1050,Feb-17,,,,3280.0,2.0,0.0006,,,,18
1051,Feb-17,,,,3657.0,0.0,0.0,,,,6
1052,Feb-17,,,,50.0,0.0,0.0,81304.0,641.0,0.0079,38
1053,Feb-17,,,,,,,22209.0,62.0,0.0028,17
1054,Feb-17,,,,9782.0,17.0,0.0017,36857.0,145.0,0.0039,22
1055,Feb-17,195.0,0.0,0.0,2709.0,1.0,0.0004,,,,8
1056,Feb-17,,,,3773.0,0.0,0.0,,,,6
1057,Feb-17,,,,1950.0,0.0,0.0,,,,6
1058,Feb-17,,,,3730.0,2.0,0.0005,,,,5
1059,Feb-17,,,,5285.0,5.0,0.0009,,,,8
1060,Mar-17,,,,1650.0,5.0,0.003,,,,22
1061,Mar-17,,,,1080.0,5.0,0.0046,,,,17
1062,Mar-17,,,,3878.0,3.0,0.0008,,,,5
1063,Mar-17,,,,3584.0,0.0,0.0,,,,6
1064,Mar-17,,,,2566.0,1.0,0.0004,,,,9
1065,Mar-17,,,,3834.0,2.0,0.0005,,,,10
1066,Mar-17,,,,3740.0,1.0,0.0003,,,,8
1067,Mar-17,,,,250.0,0.0,0.0,61200.0,147.0,0.0024,26
1068,Mar-17,,,,5524.0,3.0,0.0005,,,,11
1069,Mar-17,,,,6494.0,6.0,0.0009,,,,12
1070,Mar-17,,,,1950.0,5.0,0.0026,,,,9
1071,Mar-17,,,,6462.0,3.0,0.0005,,,,9
1072,Mar-17,,,,3393.0,3.0,0.0013,,,,8
1073,Mar-17,,,,4212.0,8.0,0.0019,,,,23
1074,Mar-17,,,,3650.0,2.0,0.0005,,,,8
1075,Mar-17,,,,6378.0,1.0,0.0002,,,,10
1076,Mar-17,,,,2752.0,1.0,0.0004,,,,8
1077,Mar-17,,,,2800.0,2.0,0.0007,,,,7
1078,Mar-17,,,,,,,67709.0,287.0,0.0042,26
1079,Mar-17,,,,4159.0,5.0,0.0012,,,,17
1080,Mar-17,,,,3773.0,0.0,0.0,,,,8
1081,Mar-17,,,,3992.0,17.0,0.0043,,,,13
1082,Apr-17,,,,3547.0,0.0,0.0,,,,8
1083,Apr-17,,,,,,,12495.0,63.0,0.005,15
1084,Apr-17,,,,5297.0,2.0,0.0004,,,,12
1085,Apr-17,,,,6532.0,2.0,0.0003,,,,10
1086,Apr-17,108.0,0.0,0.0,1597.0,0.0,0.0,,,,11
1087,Apr-17,,,,1080.0,3.0,0.0028,,,,17
1088,Apr-17,,,,1813.0,0.0,0.0,,,,9
1089,Apr-17,,,,3079.0,6.0,0.0019,,,,18
1090,Apr-17,,,,3160.0,2.0,0.0006,,,,9
1091,Apr-17,,,,50.0,0.0,0.0,84153.0,364.0,0.0043,31
1092,Apr-17,,,,3725.0,0.0,0.0,,,,5
1093,Apr-17,,,,1768.0,2.0,0.0011,,,,8
1094,Apr-17,,,,2470.0,0.0,0.0,,,,7
1095,Apr-17,,,,3192.0,0.0,0.0,,,,8
1096,Apr-17,,,,2921.0,0.0,0.0,,,,5
1097,Apr-17,,,,250.0,0.0,0.0,74378.0,287.0,0.0039,23
1098,Apr-17,,,,2655.0,2.0,0.0008,,,,8
1099,Apr-17,,,,3502.0,1.0,0.0003,,,,5
1100,Apr-17,,,,4333.0,4.0,0.0009,,,,13
1101,Apr-17,,,,,,,20546.0,237.0,0.0115,17
1102,Apr-17,,,,1236.0,95.0,0.0769,,,,8
1103,Apr-17,,,,4420.0,5.0,0.0011,,,,12
1104,Apr-17,,,,9826.0,3.0,0.0003,,,,13
1105,May-17,,,,3331.0,2.0,0.0006,,,,6
1106,May-17,,,,2000.0,0.0,0.0,,,,4
1107,May-17,,,,3331.0,0.0,0.0,,,,10
1108,May-17,,,,3069.0,0.0,0.0,,,,6
1109,May-17,,,,3433.0,0.0,0.0,,,,10
1110,May-17,,,,1960.0,0.0,0.0,,,,6
1111,May-17,,,,3273.0,0.0,0.0,,,,9
1112,May-17,,,,,,,67730.0,215.0,0.0032,28
1113,May-17,,,,6000.0,4.0,0.0007,,,,12
1114,May-17,,,,2515.0,2.0,0.0008,,,,14
1115,May-17,,,,1276.0,11.0,0.0086,,,,11
1116,May-17,,,,960.0,5.0,0.0052,,,,17
1117,May-17,,,,3781.0,1.0,0.0003,,,,6
1118,May-17,,,,3504.0,0.0,0.0,,,,5
1119,May-17,,,,2910.0,0.0,0.0,,,,6
1120,May-17,,,,2000.0,1.0,0.0005,,,,5
1121,May-17,,,,5075.0,14.0,0.0028,,,,14
1122,May-17,,,,2963.0,0.0,0.0,,,,6
1123,May-17,,,,2371.0,5.0,0.0021,,,,12
1124,May-17,,,,3688.0,1.0,0.0003,,,,7
1125,May-17,,,,9734.0,18.0,0.0018,,,,15
1126,May-17,,,,3673.0,0.0,0.0,,,,6
1127,May-17,,,,270.0,1.0,0.0037,71583.0,457.0,0.0064,26
1128,May-17,,,,3168.0,0.0,0.0,,,,7
1129,Jun-17,,,,6340.0,5.0,0.0008,,,,12
1130,Jun-17,,,,3615.0,1.0,0.0003,,,,17
1131,Jun-17,,,,2118.0,7.0,0.0033,,,,9
1132,Jun-17,,,,1216.0,0.0,0.0,,,,10
1133,Jun-17,,,,3583.0,4.0,0.0011,,,,9
1134,Jun-17,,,,3665.0,2.0,0.0005,,,,7
1135,Jun-17,,,,3094.0,0.0,0.0,,,,8
1136,Jun-17,,,,5413.0,3.0,0.0006,,,,12
1137,Jun-17,,,,3618.0,14.0,0.0039,,,,16
1138,Jun-17,,,,2982.0,2.0,0.0007,,,,6
1139,Jun-17,,,,2936.0,0.0,0.0,,,,7
1140,Jun-17,,,,4300.0,4.0,0.0009,,,,14
1141,Jun-17,,,,4998.0,8.0,0.00160064,53845.0,330.0,0.006128703,21
1142,Jun-17,,,,1973.0,1.0,0.000506842,,,,22
1143,Jun-17,,,,960.0,0.0,0.0,,,,17
1144,Jun-17,,,,,,,63381.0,801.0,0.012637856999999999,23
1145,Jun-17,,,,2661.0,2.0,0.0007,,,,9
1146,Jun-17,,,,3737.0,0.0,0.0,,,,10
1147,Jun-17,40.0,0.0,0.0,1684.0,1.0,0.0005938240000000001,,,,7
1148,Jun-17,,,,3946.0,0.0,0.0,,,,5
1149,Jun-17,,,,4000.0,5.0,0.0012,,,,17
1150,Jul-17,,,,6555.0,7.0,0.001067887,,,,18
1151,Jul-17,,,,3350.0,4.0,0.0011,,,,9
1152,Jul-17,,,,6651.0,9.0,0.0014,,,,18
1153,Jul-17,913.0,0.0,0.0,577.0,0.0,0.0,,,,11
1154,Jul-17,,,,4208.0,5.0,0.001188213,,,,17
1155,Jul-17,,,,200.0,2.0,0.01,63056.0,527.0,0.00835765,23
1156,Jul-17,,,,2402.0,1.0,0.00041632,,,,12
1157,Jul-17,576.0,1.0,0.001736111,2719.0,2.0,0.000735565,,,,7
1158,Jul-17,,,,3058.0,6.0,0.001962067,,,,7
1159,Jul-17,90.0,0.0,0.0,2901.0,0.0,0.0,,,,6
1160,Jul-17,,,,1500.0,0.0,0.0,,,,6
1161,Jul-17,,,,3725.0,34.0,0.009127517,,,,11
1162,Jul-17,,,,3703.0,1.0,0.000270051,,,,5
1163,Jul-17,,,,3803.0,0.0,0.0,,,,6
1164,Jul-17,,,,1850.0,1.0,0.000540541,,,,12
1165,Jul-17,,,,3834.0,0.0,0.0,,,,5
1166,Jul-17,,,,,,,23617.0,393.0,0.016640556,18
1167,Jul-17,,,,2519.0,8.0,0.0031,,,,10
1168,Jul-17,,,,3923.0,0.0,0.0,,,,6
1169,Jul-17,,,,3000.0,0.0,0.0,,,,4
1170,Jul-17,922.0,4.0,0.004338395,1374.0,0.0,0.0,,,,8
1171,Jul-17,,,,960.0,0.0,0.0,,,,17
1172,Aug-17,,,,50.0,0.0,0.0,63804.0,2400.0,0.037615197,23
1173,Aug-17,,,,3393.0,1.0,0.000294724,,,,11
1174,Aug-17,,,,5938.0,3.0,0.000505221,,,,11
1175,Aug-17,,,,,,,78303.0,354.0,0.0045209,33
1176,Aug-17,,,,3073.0,1.0,0.000325415,,,,9
1177,Aug-17,,,,3788.0,0.0,0.0,,,,4
1178,Aug-17,,,,2000.0,2.0,0.001,,,,6
1179,Aug-17,,,,6205.0,1.0,0.0003,,,,12
1180,Aug-17,,,,3706.0,0.0,0.0,,,,5
1181,Aug-17,,,,3585.0,3.0,0.00083682,,,,6
1182,Aug-17,,,,5998.0,18.0,0.003001,,,,20
1183,Aug-17,148.0,0.0,0.0,419.0,0.0,0.0,,,,7
1184,Aug-17,,,,,,,15698.0,134.0,0.008536119,16
1185,Aug-17,,,,1866.0,1.0,0.000535906,,,,6
1186,Aug-17,,,,3796.0,2.0,0.00052687,,,,5
1187,Aug-17,,,,2542.0,3.0,0.001180173,,,,9
1188,Aug-17,,,,3332.0,0.0,0.0,,,,5
1189,Aug-17,,,,,,,59536.0,385.0,0.006466676,23
1190,Aug-17,,,,18171.0,3.0,0.000165098,,,,22
1191,Aug-17,,,,2619.0,0.0,0.0,,,,5
1192,Aug-17,,,,2736.0,0.0,0.0,,,,8
1193,Aug-17,,,,6323.0,1.0,0.000158153,,,,12
1194,Aug-17,,,,3781.0,1.0,0.0002,,,,5
1195,Aug-17,133.0,0.0,0.0,2304.0,21.0,0.009114583,,,,10
1196,Aug-17,,,,2904.0,0.0,0.0,,,,6
1197,Sep-17,,,,2040.0,1.0,0.000490196,,,,15
1198,Sep-17,,,,767.0,2.0,0.002607562,,,,9
1199,Sep-17,,,,2014.0,0.0,0.0,,,,6
1200,Sep-17,,,,4491.0,0.0,0.0,,,,16
1201,Sep-17,,,,2720.0,0.0,0.0,,,,8
1202,Sep-17,,,,2520.0,0.0,0.0,,,,7
1203,Sep-17,,,,3781.0,1.0,0.00026448,,,,7
1204,Sep-17,499.0,2.0,0.004008016,1246.0,0.0,0.0,,,,9
1205,Sep-17,,,,3754.0,0.0,0.0,,,,4
1206,Sep-17,,,,3035.0,1.0,0.00032948900000000003,,,,8
1207,Sep-17,,,,50.0,0.0,0.0,59823.0,310.0,0.0051819529999999996,21
1208,Sep-17,,,,3707.0,0.0,0.0,,,,10
1209,Sep-17,,,,5749.0,9.0,0.00156549,,,,8
1210,Sep-17,,,,3881.0,0.0,0.0,,,,5
1211,Sep-17,,,,3665.0,1.0,0.0002,,,,5
1212,Sep-17,,,,6286.0,3.0,0.000477251,,,,12
1213,Sep-17,,,,17342.0,47.0,0.0027101829999999997,,,,18
1214,Sep-17,,,,250.0,0.0,0.0,78057.0,659.0,0.008442548000000001,24
1215,Sep-17,,,,3839.0,6.0,0.001562907,,,,13
1216,Sep-17,,,,2128.0,2.0,0.00093985,,,,10
1217,Sep-17,,,,2782.0,5.0,0.0017972679999999999,,,,7
1218,Sep-17,207.0,6.0,0.0289,2167.0,3.0,0.001384402,,,,8
1219,Sep-17,849.0,4.0,0.004711425,1890.0,1.0,0.000529101,,,,7
1220,Oct-17,,,,1693.0,5.0,0.0029,,,,9
1221,Oct-17,,,,2050.0,1.0,0.000487805,,,,5
1222,Oct-17,,,,3534.0,2.0,0.0005,,,,5
1223,Oct-17,,,,2360.0,8.0,0.003389831,,,,13
1224,Oct-17,,,,11253.0,21.0,0.001866169,59640.0,370.0,0.00620389,29
1225,Oct-17,,,,3141.0,2.0,0.00063674,,,,13
1226,Oct-17,,,,3764.0,0.0,0.0,,,,5
1227,Oct-17,105.0,1.0,0.00952381,1092.0,3.0,0.002747253,,,,9
1228,Oct-17,,,,6115.0,4.0,0.000654129,,,,10
1229,Oct-17,,,,2921.0,0.0,0.0,,,,5
1230,Oct-17,,,,2790.0,0.0,0.0,,,,7
1231,Oct-17,,,,1798.0,0.0,0.0,,,,3
1232,Oct-17,,,,1574.0,9.0,0.005717916,,,,11
1233,Oct-17,,,,6318.0,3.0,0.0004,,,,20
1234,Oct-17,101.0,0.0,0.0,3474.0,1.0,0.00028785299999999997,,,,6
1235,Oct-17,,,,3552.0,2.0,0.0005,,,,9
1236,Oct-17,,,,1260.0,1.0,0.000793651,,,,20
1237,Oct-17,,,,3352.0,2.0,0.0005,,,,6
1238,Oct-17,,,,2686.0,2.0,0.000744602,,,,17
1239,Oct-17,,,,249.0,0.0,0.0,63970.0,293.0,0.004580272,27
1240,Oct-17,,,,,,,23558.0,86.0,0.0036,18
1241,Oct-17,,,,2097.0,7.0,0.003338102,,,,14
1242,Oct-17,,,,3828.0,0.0,0.0,,,,5
1243,Oct-17,,,,3656.0,1.0,0.000273523,,,,11
1244,Oct-17,,,,3639.0,1.0,0.000274801,,,,6
1245,Oct-17,,,,3738.0,2.0,0.000535045,,,,5
1246,Oct-17,,,,1947.0,3.0,0.001540832,,,,18
1247,Nov-17,,,,3879.0,1.0,0.000257798,9998.0,37.0,0.00370074,20
1248,Nov-17,,,,9538.0,23.0,0.002411407,60360.0,261.0,0.004324056,35
1249,Nov-17,125.0,0.0,0.0,1140.0,0.0,0.0,,,,6
1250,Nov-17,,,,6222.0,3.0,0.00048216,,,,11
1251,Nov-17,,,,2048.0,0.0,0.0,,,,7
1252,Nov-17,,,,,,,74202.0,301.0,0.004056494,21
1253,Nov-17,234.0,1.0,0.004273504,2666.0,0.0,0.0,,,,7
1254,Nov-17,,,,3503.0,2.0,0.000570939,2080.0,10.0,0.004807692,17
1255,Nov-17,,,,2572.0,2.0,0.0007,,,,9
1256,Nov-17,,,,3723.0,2.0,0.000537201,,,,12
1257,Nov-17,,,,250.0,0.0,0.0,84667.0,712.0,0.008409416,24
1258,Nov-17,,,,2382.0,5.0,0.002,,,,18
1259,Nov-17,,,,2547.0,9.0,0.0035335690000000003,,,,11
1260,Nov-17,200.0,0.0,0.0,3543.0,0.0,0.0,,,,7
1261,Nov-17,,,,900.0,1.0,0.0011111110000000001,,,,7
1262,Nov-17,,,,2797.0,4.0,0.001430104,,,,18
1263,Nov-17,,,,1996.0,1.0,0.000501002,,,,12
1264,Nov-17,,,,3030.0,5.0,0.0016,7250.0,11.0,0.0015172410000000001,29
1265,Nov-17,,,,2569.0,0.0,0.0,,,,8
1266,Nov-17,,,,1488.0,2.0,0.001344086,,,,17
1267,Nov-17,,,,1404.0,1.0,0.000712251,,,,9
1268,Nov-17,,,,3718.0,1.0,0.0002,,,,6
1269,Nov-17,,,,2428.0,2.0,0.0008237230000000001,,,,17
1270,Nov-17,,,,3546.0,2.0,0.000564016,,,,7
1271,Nov-17,435.0,1.0,0.002298851,2823.0,2.0,0.000708466,,,,11
1272,Dec-17,842.0,19.0,0.022565321,3373.0,4.0,0.001185888,,,,13
1273,Dec-17,,,,1726.0,2.0,0.0011,,,,14
1274,Dec-17,,,,3880.0,2.0,0.000515464,,,,6
1275,Dec-17,,,,1631.0,0.0,0.0,,,,9
1276,Dec-17,,,,1193.0,0.0,0.0,19998.0,164.0,0.00820082,19
1277,Dec-17,,,,2694.0,1.0,0.0004,,,,9
1278,Dec-17,,,,3391.0,0.0,0.0,,,,5
1279,Dec-17,,,,1878.0,0.0,0.0,,,,5
1280,Dec-17,,,,4110.0,0.0,0.0,,,,7
1281,Dec-17,,,,2582.0,4.0,0.001549187,,,,12
1282,Dec-17,,,,1900.0,0.0,0.0,,,,6
1283,Dec-17,,,,3671.0,0.0,0.0,,,,6
1284,Dec-17,92.0,1.0,0.010869565,2531.0,0.0,0.0,,,,9
1285,Nov-17,,,,6387.0,3.0,0.0005,,,,13
1286,Dec-17,,,,2607.0,13.0,0.005,77130.0,521.0,0.0068,31
1287,Dec-17,,,,3062.0,3.0,0.001,15260.0,145.0,0.0095,21
1288,Dec-17,,,,,,,22315.0,319.0,0.0143,17
1289,Dec-17,,,,10258.0,8.0,0.0008,,,,24
1290,Dec-17,,,,2957.0,1.0,0.0003,,,,11
1291,Dec-17,,,,3076.0,3.0,0.001,,,,13
1292,Dec-17,,,,2544.0,1.0,0.0004,,,,17
1293,Dec-17,,,,179.0,0.0,0.0,79224.0,486.0,0.0061,21
1294,Dec-17,,,,1922.0,0.0,0.0,,,,8
1295,Dec-17,,,,1708.0,3.0,0.0018,,,,13
1296,Dec-17,,,,2650.0,0.0,0.0,,,,8
1297,Dec-17,,,,5540.0,1.0,0.0002,,,,16
1298,Dec-17,,,,1470.0,0.0,0.0,,,,17
1299,Dec-17,,,,3579.0,1.0,0.0003,,,,8
1300,Jan-18,,,,3444.0,0.0,0.0,,,,5
1301,Jan-18,,,,3262.0,4.0,0.0012,,,,9
1302,Jan-18,,,,2830.0,1.0,0.0004,,,,8
1303,Jan-18,,,,2070.0,3.0,0.0014,,,,16
1304,Jan-18,,,,2001.0,5.0,0.0025,,,,9
1305,Jan-18,,,,3369.0,0.0,0.0,,,,5
1306,Jan-18,,,,3596.0,2.0,0.0006,,,,5
1307,Jan-18,,,,1606.0,2.0,0.0012,,,,13
1308,Jan-18,,,,2690.0,1.0,0.0004,,,,8
1309,Jan-18,,,,2031.0,1.0,0.0005,,,,8
1310,Jan-18,,,,3217.0,3.0,0.0009,,,,13
1311,Jan-18,,,,6195.0,7.0,0.0011,,,,5
1312,Jan-18,,,,2461.0,0.0,0.0,,,,7
1313,Jan-18,,,,4607.0,2.0,0.0004,9393.0,184.0,0.0196,20
1314,Jan-18,,,,2072.0,5.0,0.0024,,,,13
1315,Jan-18,,,,3795.0,8.0,0.0021,,,,17
1316,Jan-18,,,,2445.0,2.0,0.0008,15420.0,164.0,0.0106,23
1317,Jan-18,,,,2424.0,9.0,0.0037,,,,12
1318,Jan-18,,,,1570.0,29.0,0.0185,,,,9
1319,Jan-18,,,,3225.0,1.0,0.0003,,,,8
1320,Jan-18,,,,2674.0,1.0,0.0004,,,,9
1321,Jan-18,,,,2616.0,1.0,0.0004,,,,13
1322,Jan-18,,,,50.0,0.0,0.0,80638.0,361.0,0.0045,22
1323,Feb-18,,,,2826.0,1.0,0.0004,,,,11
1324,Feb-18,,,,13723.0,60.0,0.0044,16003.0,178.0,0.0111,36
1325,Feb-18,,,,8148.0,30.0,0.0037,72940.0,435.0,0.006,31
1326,Feb-18,,,,2031.0,0.0,0.0,,,,5
1327,Feb-18,,,,2478.0,1.0,0.0004,,,,6
1328,Feb-18,,,,6480.0,4.0,0.0006,,,,11
1329,Feb-18,,,,3962.0,0.0,0.0,,,,5
1330,Feb-18,,,,3750.0,2.0,0.0005,,,,10
1331,Feb-18,,,,1393.0,1.0,0.0007,4500.0,25.0,0.0056,10
1332,Feb-18,,,,2761.0,3.0,0.0011,,,,9
1333,Feb-18,,,,3229.0,2.0,0.0006,,,,15
1334,Feb-18,,,,3365.0,4.0,0.0012,,,,7
1335,Feb-18,,,,896.0,1.0,0.0011,,,,7
1336,Feb-18,,,,2410.0,3.0,0.0012,,,,13
1337,Feb-18,,,,3727.0,6.0,0.0016,,,,26
1338,Feb-18,173.0,0.0,0.0,2781.0,0.0,0.0,,,,7
1339,Feb-18,,,,2828.0,2.0,0.0007,,,,7
1340,Feb-18,,,,1338.0,3.0,0.0022,,,,14
1341,Feb-18,,,,72.0,0.0,0.0,74863.0,665.0,0.0089,17
1342,Feb-18,,,,3059.0,2.0,0.0007,,,,9
1343,Feb-18,,,,2714.0,1.0,0.0004,,,,12
1344,Feb-18,,,,2343.0,17.0,0.0073,,,,11
1345,Mar-18,,,,5576.0,6.0,0.0011,,,,12
1346,Mar-18,,,,3485.0,3.0,0.0009,,,,7
1347,Mar-18,,,,2098.0,1.0,0.0005,,,,5
1348,Mar-18,,,,4608.0,13.0,0.0028,9683.0,33.0,0.0034,20
1349,Mar-18,,,,6286.0,12.0,0.0019,,,,21
1350,Mar-18,,,,3926.0,0.0,0.0,,,,5
1351,Mar-18,,,,2727.0,1.0,0.0004,,,,8
1352,Mar-18,,,,2812.0,1.0,0.0004,,,,7
1353,Mar-18,,,,3919.0,1.0,0.0003,,,,7
1354,Mar-18,,,,1497.0,1.0,0.0007,,,,17
1355,Mar-18,,,,2161.0,10.0,0.0046,,,,10
1356,Mar-18,94.0,0.0,0.0,2689.0,5.0,0.0019,,,,9
1357,Mar-18,,,,343.0,1.0,0.0029,69928.0,366.0,0.0052,23
1358,Mar-18,,,,5728.0,14.0,0.0024,,,,27
1359,Mar-18,,,,3234.0,3.0,0.0009,,,,6
1360,Mar-18,,,,1480.0,2.0,0.0014,,,,7
1361,Mar-18,,,,3647.0,0.0,0.0,,,,5
1362,Mar-18,,,,229.0,0.0,0.0,82635.0,428.0,0.0052,31
1363,Mar-18,,,,2454.0,1.0,0.0004,,,,10
1364,Mar-18,,,,2008.0,0.0,0.0,,,,10
1365,Mar-18,,,,3864.0,6.0,0.0016,,,,14
1366,Mar-18,,,,1559.0,13.0,0.0083,,,,16
1367,Mar-18,,,,2152.0,6.0,0.0028,,,,11
1368,Mar-18,,,,2398.0,5.0,0.0021,,,,21
1369,Mar-18,,,,3298.0,1.0,0.0003,,,,11
1370,Mar-18,,,,2421.0,3.0,0.0012,,,,11
1371,Mar-18,,,,2561.0,1.0,0.0004,,,,8
1372,Apr-18,,,,3351.0,5.0,0.0015,,,,12
1373,Apr-18,,,,8104.0,9.0,0.0011,73836.0,315.0,0.0043,29
1374,Apr-18,,,,3047.0,1.0,0.0003,,,,6
1375,Apr-18,,,,1500.0,0.0,0.0,,,,11
1376,Apr-18,,,,5867.0,4.0,0.0007,,,,14
1377,Apr-18,,,,1909.0,7.0,0.0037,,,,18
1378,Apr-18,,,,17099.0,29.0,0.0017,,,,38
1379,Apr-18,,,,1499.0,3.0,0.002,,,,19
1380,Apr-18,,,,2520.0,1.0,0.0004,,,,7
1381,Apr-18,,,,2381.0,3.0,0.0013,,,,9
1382,Apr-18,,,,1547.0,2.0,0.0013,,,,14
1383,Apr-18,,,,4000.0,1.0,0.0003,,,,17
1384,Apr-18,,,,1968.0,0.0,0.0,,,,11
1385,Apr-18,,,,5336.0,2.0,0.0004,,,,14
1386,Apr-18,,,,3016.0,3.0,0.001,,,,9
1387,Apr-18,61.0,1.0,0.0164,2056.0,3.0,0.0015,,,,9
1388,Apr-18,,,,2840.0,1.0,0.0004,,,,6
1389,Apr-18,387.0,0.0,0.0,2421.0,1.0,0.0004,,,,6
1390,Apr-18,,,,2423.0,5.0,0.0021,,,,11
1391,Apr-18,,,,6208.0,3.0,0.0005,,,,9
1392,Apr-18,,,,2269.0,11.0,0.0048,,,,21
1393,Apr-18,,,,2637.0,2.0,0.0008,,,,6
1394,Apr-18,,,,5799.0,15.0,0.0026,62668.0,169.0,0.0027,29
1395,Apr-18,,,,228.0,0.0,0.0,65344.0,222.0,0.0034,21
1396,May-18,,,,1832.0,1.0,0.0005,,,,8
1397,May-18,,,,,,,15326.0,46.0,0.003,16
1398,May-18,,,,2175.0,1.0,0.0005,,,,12
1399,May-18,,,,4029.0,7.0,0.0017,,,,14
1400,May-18,,,,2923.0,1.0,0.0003,,,,6
1401,May-18,,,,1733.0,1.0,0.0006,,,,9
1402,May-18,,,,4306.0,27.0,0.0063,,,,10
1403,May-18,,,,2409.0,3.0,0.0012,,,,10
1404,May-18,,,,11160.0,3.0,0.0003,,,,12
1405,May-18,64.0,0.0,0.0,1812.0,0.0,0.0,,,,9
1406,May-18,,,,263.0,0.0,0.0,69117.0,609.0,0.0088,31
1407,May-18,,,,2410.0,6.0,0.0025,,,,10
1408,May-18,,,,5392.0,2.0,0.0004,,,,11
1409,May-18,,,,1799.0,10.0,0.0056,,,,15
1410,May-18,,,,3539.0,1.0,0.0003,,,,6
1411,May-18,,,,2352.0,2.0,0.0009,,,,5
1412,May-18,,,,1895.0,2.0,0.0011,,,,9
1413,May-18,,,,2326.0,6.0,0.0026,,,,14
1414,May-18,,,,2903.0,3.0,0.001,,,,5
1415,May-18,,,,1500.0,0.0,0.0,,,,16
1416,May-18,,,,2007.0,0.0,0.0,,,,8
1417,May-18,,,,6518.0,5.0,0.0008,,,,18
1418,May-18,,,,3466.0,0.0,0.0,,,,5
1419,May-18,,,,1887.0,1.0,0.0005,,,,9
1420,May-18,,,,2425.0,0.0,0.0,,,,7
1421,May-18,483.0,0.0,0.0,1303.0,2.0,0.0015,,,,9
1422,May-18,,,,3180.0,46.0,0.0145,,,,17
1423,Jun-18,,,,6559.0,3.0,0.0005,,,,9
1424,Jun-18,,,,1866.0,0.0,0.0,,,,5
1425,Jun-18,,,,3741.0,8.0,0.0021,,,,16
1426,Jun-18,,,,2031.0,6.0,0.0029,,,,15
1427,Jun-18,,,,1919.0,4.0,0.0021,,,,10
1428,Jun-18,,,,2540.0,17.0,0.0067,,,,17
1429,Jun-18,,,,1999.0,0.0,0.0,,,,6
1430,Jun-18,,,,104.0,0.0,0.0,57428.0,311.0,0.0054,21
1431,Jun-18,,,,3688.0,1.0,0.0003,,,,4
1432,Jun-18,,,,1695.0,5.0,0.0029,,,,12
1433,Jun-18,,,,1982.0,1.0,0.0005,,,,8
1434,Jun-18,,,,1294.0,1.0,0.0008,,,,12
1435,Jun-18,,,,2527.0,2.0,0.0007,,,,8
1436,Jun-18,,,,3782.0,0.0,0.0,,,,5
1437,Jun-18,,,,2661.0,0.0,0.0,,,,6
1438,May-18,150.0,0.0,0.0,2973.0,0.0,0.0,,,,11
1439,May-18,,,,3184.0,0.0,0.0,,,,7
1440,May-18,,,,3008.0,0.0,0.0,68039.0,168.0,0.0025,24
1441,Jun-18,,,,3695.0,1.0,0.0003,9227.0,17.0,0.0018,22
1442,Jun-18,,,,1949.0,13.0,0.0067,,,,20
1443,Jun-18,,,,6415.0,3.0,0.0005,,,,12
1444,Jun-18,,,,1613.0,3.0,0.0019,,,,11
1445,Jun-18,,,,3232.0,15.0,0.0046,,,,21
1446,Jun-18,,,,2248.0,4.0,0.0017,,,,9
1447,Jun-18,,,,1834.0,0.0,0.0,,,,8
1448,Jun-18,405.0,3.0,0.0074,1522.0,2.0,0.0013,,,,11
1449,Jun-18,,,,2439.0,3.0,0.0012,,,,11
1450,Jun-18,,,,6061.0,0.0,0.0,,,,5
1451,Jun-18,,,,3185.0,2.0,0.0006,,,,17
1452,Jun-18,,,,3833.0,1.0,0.0003,,,,5
1453,Jun-18,,,,3368.0,0.0,0.0,,,,13
1454,Jun-18,,,,4001.0,2.0,0.0005,,,,12
1455,Jul-18,254.0,0.0,0.0,2139.0,1.0,0.0004,,,,6
1456,Jul-18,,,,6408.0,4.0,0.0006,,,,11
1457,Jul-18,,,,5004.0,1.0,0.0002,,,,6
1458,Jul-18,,,,1816.0,0.0,0.0,,,,6
1459,Jul-18,,,,1320.0,0.0,0.0,,,,14
1460,Jul-18,,,,6382.0,1.0,0.0001,,,,8
1461,Jul-18,101.0,2.0,0.02,1070.0,2.0,0.002,,,,12
1462,Jul-18,,,,2192.0,33.0,0.0151,,,,19
1463,Jul-18,,,,6172.0,1.0,0.0002,,,,7
1464,Jul-18,,,,3192.0,0.0,0.0,,,,7
1465,Jul-18,,,,1251.0,0.0,0.0,,,,11
1466,Jul-18,,,,1597.0,1.0,0.0006,,,,7
1467,Jul-18,,,,1644.0,5.0,0.0031,,,,13
1468,Jul-18,,,,2661.0,0.0,0.0,,,,7
1469,Jul-18,,,,2388.0,7.0,0.0029,,,,14
1470,Jul-18,,,,3767.0,0.0,0.0,,,,6
1471,Jul-18,,,,1800.0,2.0,0.002,,,,4
1472,Jul-18,,,,3866.0,8.0,0.0021,,,,17
1473,Jul-18,,,,6959.0,2.0,0.0002,,,,9
1474,Jul-18,,,,2271.0,2.0,0.00088,,,,13
1475,Jul-18,,,,3705.0,2.0,0.0005,,,,17
1476,Jul-18,,,,6164.0,2.0,0.0003,,,,8
1477,Jul-18,,,,6309.0,6.0,0.00095,,,,11
1478,Jul-18,146.0,2.0,0.0137,1986.0,5.0,0.0025,,,,12
1479,Jul-18,,,,2411.0,7.0,0.0029,,,,8
1480,Jul-18,,,,2568.0,1.0,0.0004,,,,6
1481,Aug-18,,,,1825.0,1.0,0.0005,,,,8
1482,Aug-18,,,,3975.0,0.0,0.0,,,,16
1483,Aug-18,,,,6393.0,0.0,0.0,,,,10
1484,Aug-18,417.0,3.0,0.0072,1260.0,4.0,0.003,,,,11
1485,Aug-18,300.0,0.0,0.0,1536.0,0.0,0.0,,,,11
1486,Aug-18,,,,6188.0,4.0,0.0006,,,,5
1487,Aug-18,,,,1350.0,0.0,0.0,,,,16
1488,Aug-18,,,,2441.0,1.0,0.0004,,,,7
1489,Aug-18,,,,3093.0,0.0,0.0,,,,7
1490,Aug-18,,,,4014.0,0.0,0.0,,,,8
1491,Aug-18,,,,19057.0,19.0,0.00099,,,,13
1492,Aug-18,,,,2644.0,0.0,0.0,,,,5
1493,Aug-18,,,,2455.0,2.0,0.0008,,,,11
1494,Aug-18,,,,2333.0,5.0,0.0021,,,,11
1495,Aug-18,,,,1848.0,2.0,0.001,,,,11
1496,Aug-18,,,,6489.0,3.0,0.0005,,,,11
1497,Aug-18,,,,6618.0,0.0,0.0,,,,9
1498,Aug-18,,,,3693.0,1.0,0.0003,,,,13
1499,Aug-18,,,,2190.0,3.0,0.0013,,,,15
1500,Aug-18,,,,3661.0,3.0,0.0008,,,,9
1501,Aug-18,,,,2314.0,1.0,0.0004,,,,11
1502,Aug-18,487.0,6.0,0.012320000000000001,1653.0,2.0,0.00123,,,,12
1503,Aug-18,,,,2534.0,1.0,0.0004,,,,7
1504,Aug-18,,,,1733.0,0.0,0.0,,,,8
1505,Aug-18,,,,1129.0,2.0,0.0017699999999999999,,,,12
1506,Aug-18,,,,3579.0,1.0,0.0003,,,,18
1507,Aug-18,,,,2647.0,1.0,0.0003,,,,7
1508,Aug-18,,,,6226.0,14.0,0.0019,,,,21
1509,Aug-18,,,,1514.0,3.0,0.002,,,,10
1510,Aug-18,,,,2396.0,6.0,0.0025,,,,11
1511,Sep-18,,,,3615.0,0.0,0.0,,,,6
1512,Sep-18,,,,2460.0,4.0,0.0016,,,,11
1513,Sep-18,296.0,0.0,0.0,2347.0,10.0,0.004,,,,9
1514,Sep-18,,,,4666.0,0.0,0.0,,,,12
1515,Sep-18,,,,2483.0,2.0,0.0008,,,,9
1516,Sep-18,,,,6841.0,4.0,0.0006,,,,20
1517,Sep-18,,,,3857.0,4.0,0.001,,,,19
1518,Sep-18,312.0,1.0,0.0032,4907.0,1.0,0.0002,,,,9
1519,Sep-18,312.0,1.0,0.0032,4907.0,1.0,0.0002,,,,9
1520,Sep-18,,,,1350.0,1.0,0.0007,,,,14
1521,Sep-18,,,,1826.0,1.0,0.0006,,,,14
1522,Sep-18,,,,3002.0,0.0,0.0,,,,7
1523,Sep-18,440.0,1.0,0.0023,1018.0,2.0,0.002,,,,15
1524,Sep-18,,,,18717.0,13.0,0.0007,,,,18
1525,Sep-18,199.0,0.0,0.0,3278.0,0.0,0.0,,,,5
1526,Sep-18,,,,5901.0,4.0,0.0007,,,,20
1527,Sep-18,,,,2009.0,4.0,0.002,,,,11
1528,Sep-18,,,,1648.0,8.0,0.0048,,,,7
1529,Sep-18,,,,9997.0,7.0,0.0007,21337.0,28.0,0.0013,18
1530,Sep-18,,,,2858.0,2.0,0.0007,,,,6
1531,Sep-18,,,,2714.0,1.0,0.0003,,,,4
1532,Sep-18,,,,5056.0,0.0,0.0,,,,7
1533,Sep-18,,,,2525.0,1.0,0.0003,,,,11
1534,Sep-18,,,,1952.0,1.0,0.0005,,,,15
1535,Sep-18,,,,6582.0,6.0,0.0009,,,,9
1536,Oct-18,,,,3122.0,1.0,0.0003,,,,8
1537,Oct-18,,,,3752.0,3.0,0.0008,,,,17
1538,Oct-18,,,,6222.0,5.0,0.0008,,,,14
1539,Oct-18,,,,3863.0,1.0,0.0003,,,,16
1540,Oct-18,,,,2621.0,1.0,0.0003,,,,6
1541,Oct-18,,,,4984.0,1.0,0.0002,,,,7
1542,Oct-18,,,,1404.0,13.0,0.0093,,,,9
1543,Oct-18,,,,2063.0,1.0,0.0005,,,,11
1544,Oct-18,,,,3817.0,0.0,0.0,,,,6
1545,Oct-18,,,,2385.0,3.0,0.0013,,,,14
1546,Oct-18,,,,1150.0,4.0,0.0035,,,,11
1547,Oct-18,,,,2082.0,4.0,0.0019,,,,14
1548,Oct-18,,,,1950.0,0.0,0.0,,,,11
1549,Oct-18,,,,3629.0,9.0,0.0025,,,,12
1550,Oct-18,,,,2737.0,0.0,0.0,,,,8
1551,Oct-18,,,,12250.0,7.0,0.00057,,,,11
1552,Oct-18,,,,2592.0,3.0,0.0011,,,,13
1553,Oct-18,,,,3078.0,1.0,0.0003,,,,7
1554,Oct-18,,,,1440.0,2.0,0.0014,,,,17
1555,Oct-18,,,,19248.0,15.0,0.0008,,,,14
1556,Oct-18,,,,3785.0,0.0,0.0,,,,5
1557,Oct-18,,,,3436.0,8.0,0.0023,,,,17
1558,Oct-18,,,,2571.0,2.0,0.0008,,,,7
1559,Oct-18,,,,2363.0,0.0,0.0,,,,8
1560,Oct-18,,,,6073.0,3.0,0.00049,,,,11
1561,Oct-18,,,,6197.0,9.0,0.0015,,,,19
1562,Oct-18,,,,1879.0,1.0,0.0005,,,,10
1563,Oct-18,,,,3309.0,4.0,0.0012,,,,14
1564,Oct-18,,,,6306.0,2.0,0.00032,,,,5
1565,Oct-18,,,,1975.0,1.0,0.0005,,,,16
1566,Oct-18,,,,2584.0,3.0,0.0011,,,,8
1567,Nov-18,,,,2860.0,0.0,0.0,,,,7
1568,Nov-18,500.0,1.0,0.002,1736.0,2.0,0.0012,,,,11
1569,Nov-18,,,,6582.0,2.0,0.0003,,,,21
1570,Nov-18,,,,3129.0,2.0,0.0006,,,,7
1571,Nov-18,449.0,2.0,0.0044,826.0,1.0,0.0012,,,,12
1572,Nov-18,,,,3610.0,0.0,0.0,,,,8
1573,Nov-18,,,,1639.0,4.0,0.0024,,,,11
1574,Nov-18,,,,,,,14788.0,36.0,0.0024,15
1575,Nov-18,,,,2437.0,4.0,0.0016,,,,12
1576,Nov-18,,,,1835.0,4.0,0.00218,,,,17
1577,Nov-18,,,,7489.0,5.0,0.0006,41301.0,96.0,0.0023,19
1578,Nov-18,436.0,2.0,0.0046,5935.0,1.0,0.00016999999999999999,,,,6
1579,Nov-18,,,,312.0,0.0,0.0,58886.0,153.0,0.0026,24
1580,Nov-18,,,,2875.0,0.0,0.0,,,,9
1581,Nov-18,,,,4976.0,15.0,0.003,,,,14
1582,Nov-18,,,,1831.0,1.0,0.0005,,,,8
1583,Nov-18,,,,3321.0,2.0,0.0006,,,,6
1584,Nov-18,,,,2437.0,0.0,0.0,,,,8
1585,Nov-18,,,,1350.0,1.0,0.0007,,,,14
1586,Nov-18,,,,3553.0,2.0,0.00056,,,,5
1587,Nov-18,,,,5606.0,47.0,0.0084,,,,21
1588,Nov-18,,,,17115.0,41.0,0.0024,2059.0,15.0,0.0073,38
1589,Nov-18,,,,2507.0,3.0,0.0012,,,,11
1590,Nov-18,,,,2351.0,1.0,0.0004,,,,11
1591,Nov-18,,,,17318.0,14.0,0.00081,,,,14
1592,Nov-18,,,,900.0,2.0,0.0022,4970.0,4.0,0.0008,10
1593,Nov-18,171.0,1.0,0.00584,1129.0,4.0,0.0035,,,,11
1594,Nov-18,,,,4251.0,5.0,0.0012,,,,13
1595,Dec-18,,,,3210.0,2.0,0.0006,,,,6
1596,Dec-18,,,,1937.0,2.0,0.001,,,,7
1597,Dec-18,174.0,2.0,0.0115,3253.0,0.0,0.0,,,,5
1598,Dec-18,,,,5175.0,1.0,0.00018999999999999998,,,,13
1599,Dec-18,,,,1916.0,1.0,0.0005200000000000001,,,,15
1600,Dec-18,,,,312.0,0.0,0.0,65602.0,130.0,0.00198,22
1601,Dec-18,,,,6376.0,6.0,0.0009400000000000001,,,,19
1602,Dec-18,,,,2527.0,2.0,0.0008,,,,9
1603,Dec-18,,,,4265.0,30.0,0.00703,,,,13
1604,Dec-18,106.0,1.0,0.0094,2145.0,1.0,0.00047000000000000004,,,,9
1605,Dec-18,,,,2974.0,0.0,0.0,,,,8
1606,Dec-18,230.0,3.0,0.013000000000000001,1596.0,3.0,0.0019,,,,12
1607,Dec-18,,,,1799.0,9.0,0.005,,,,11
1608,Dec-18,,,,15314.0,8.0,0.0005,,,,11
1609,Dec-18,,,,1477.0,2.0,0.0014,,,,23
1610,Dec-18,,,,4391.0,12.0,0.0027,7650.0,18.0,0.0024,21
1611,Dec-18,,,,3748.0,3.0,0.0008,,,,18
1612,Dec-18,,,,3234.0,8.0,0.0025,,,,21
1613,Dec-18,,,,1410.0,0.0,0.0,,,,17
1614,Dec-18,,,,4335.0,2.0,0.0005,,,,11
1615,Dec-18,,,,1892.0,5.0,0.0026,,,,15
1616,Dec-18,,,,3960.0,1.0,0.0003,,,,17
1617,Dec-18,,,,4975.0,12.0,0.0024,,,,20
1618,Dec-18,,,,312.0,0.0,0.0,69917.0,211.0,0.003,22
1619,Dec-18,,,,2199.0,5.0,0.0023,,,,15
1620,Dec-18,,,,5439.0,1.0,0.0002,,,,8
1621,Dec-18,,,,1347.0,3.0,0.0022,,,,14
1622,Dec-18,,,,2398.0,2.0,0.0008,,,,13
1623,Dec-18,,,,2405.0,9.0,0.0037,,,,19
1624,Jan-19,95.0,1.0,0.0105,2563.0,0.0,0.0,,,,9
1625,Jan-19,,,,1743.0,0.0,0.0,,,,12
1626,Jan-19,167.0,0.0,0.0,2466.0,1.0,0.0004,,,,10
1627,Jan-19,,,,1752.0,1.0,0.0006,,,,15
1628,Jan-19,,,,1840.0,0.0,0.0,,,,7
1629,Jan-19,,,,4020.0,4.0,0.001,,,,25
1630,Jan-19,,,,4877.0,11.0,0.0023,,,,15
1631,Jan-19,,,,3757.0,0.0,0.0,,,,5
1632,Jan-19,,,,6134.0,3.0,0.0005,,,,13
1633,Jan-19,151.0,0.0,0.0,2775.0,6.0,0.0022,,,,9
1634,Jan-19,,,,3558.0,1.0,0.0003,,,,7
1635,Jan-19,,,,176.0,0.0,0.0,64548.0,140.0,0.0022,20
1636,Jan-19,,,,2530.0,0.0,0.0,,,,9
1637,Jan-19,,,,3470.0,3.0,0.0009,,,,21
1638,Jan-19,,,,2446.0,2.0,0.0008,,,,11
1639,Jan-19,,,,1975.0,3.0,0.0015,,,,11
1640,Jan-19,,,,5400.0,1.0,0.0002,,,,5
1641,Jan-19,,,,3949.0,1.0,0.0003,,,,8
1642,Jan-19,,,,3385.0,0.0,0.0,,,,9
1643,Jan-19,,,,11160.0,18.0,0.0016,36050.0,68.0,0.0019,17
1644,Jan-19,,,,4721.0,9.0,0.0019,6715.0,33.0,0.0049,22
1645,Jan-19,,,,1350.0,1.0,0.0007,,,,16
1646,Jan-19,,,,2047.0,3.0,0.0015,,,,13
1647,Jan-19,,,,3843.0,3.0,0.0008,,,,5
1648,Jan-19,,,,3705.0,1.0,0.0003,,,,5
1649,Feb-19,,,,311.0,0.0,0.0,71160.0,329.0,0.0046,23
1650,Feb-19,,,,2639.0,1.0,0.0004,,,,8
1651,Feb-19,,,,2649.0,2.0,0.0008,5004.0,31.0,0.0062,18
1652,Feb-19,,,,3062.0,1.0,0.0003,,,,7
1653,Feb-19,,,,3633.0,1.0,0.0003,,,,5
1654,Feb-19,,,,2601.0,1.0,0.0004,,,,8
1655,Feb-19,,,,1563.0,1.0,0.0006,,,,9
1656,Feb-19,,,,3552.0,0.0,0.0,,,,4
1657,Feb-19,204.0,1.0,0.0049,3610.0,1.0,0.0003,,,,6
1658,Feb-19,,,,5517.0,2.0,0.0004,,,,9
1659,Feb-19,,,,1845.0,0.0,0.0,,,,9
1660,Feb-19,,,,13696.0,23.0,0.0017,11723.0,26.0,0.0022,36
1661,Feb-19,,,,3622.0,1.0,0.0003,,,,6
1662,Feb-19,,,,2327.0,2.0,0.0009,,,,10
1663,Feb-19,,,,6386.0,4.0,0.0006,,,,21
1664,Feb-19,,,,6037.0,1.0,0.0002,,,,12
1665,Feb-19,420.0,1.0,0.0024,1959.0,2.0,0.001,,,,10
1666,Feb-19,,,,4033.0,2.0,0.0005,,,,5
1667,Feb-19,,,,1899.0,1.0,0.0005,,,,10
1668,Feb-19,,,,3704.0,2.0,0.0005,,,,9
1669,Feb-19,,,,104.0,0.0,0.0,66165.0,209.0,0.0032,21
1670,Feb-19,,,,3166.0,1.0,0.0003,,,,10
1671,Feb-19,,,,2450.0,4.0,0.0016,,,,11
1672,Feb-19,,,,2714.0,1.0,0.0004,,,,9
1673,Feb-19,,,,3057.0,2.0,0.0007,,,,9
1674,Mar-19,,,,1999.0,2.0,0.001,,,,8
1675,Mar-19,,,,4170.0,20.0,0.0048,,,,14
1676,Mar-19,,,,3182.0,1.0,0.0003,,,,6
1677,Mar-19,,,,1470.0,2.0,0.0014,,,,15
1678,Mar-19,,,,4983.0,2.0,0.0004,,,,10
1679,Mar-19,,,,2442.0,3.0,0.0012,,,,11
1680,Mar-19,,,,2772.0,6.0,0.0022,,,,16
1681,Mar-19,,,,5012.0,7.0,0.0014,,,,18
1682,Mar-19,,,,3743.0,0.0,0.0,,,,8
1683,Mar-19,,,,5684.0,4.0,0.0007,,,,9
1684,Mar-19,,,,1845.0,53.0,0.0287,,,,12
1685,Mar-19,,,,2693.0,4.0,0.0015,,,,7
1686,Mar-19,,,,6014.0,0.0,0.0,,,,13
1687,Mar-19,,,,6789.0,19.0,0.0028,53644.0,121.0,0.0023,21
1688,Mar-19,,,,1229.0,3.0,0.0024,,,,16
1689,Mar-19,70.0,0.0,0.0,961.0,0.0,0.0,,,,8
1690,Mar-19,,,,2361.0,1.0,0.0004,,,,11
1691,Mar-19,,,,204.0,0.0,0.0,70250.0,190.0,0.0027,19
1692,Mar-19,395.0,0.0,0.0,2445.0,0.0,0.0,,,,5
1693,Mar-19,,,,3708.0,0.0,0.0,,,,5
1694,Mar-19,,,,2435.0,6.0,0.0025,,,,11
1695,Mar-19,,,,3388.0,4.0,0.0012,,,,21
1696,Mar-19,,,,4118.0,0.0,0.0,,,,8
1697,Mar-19,,,,2427.0,1.0,0.0004,,,,11
1698,Mar-19,,,,3731.0,2.0,0.0005,,,,4
1699,Mar-19,,,,5394.0,1.0,0.0002,,,,7
1700,Mar-19,,,,6202.0,12.0,0.0019,,,,13
1701,Mar-19,,,,4693.0,6.0,0.0013,,,,9
1702,Apr-19,,,,312.0,0.0,0.0,65115.0,189.0,0.0029,21
1703,Apr-19,,,,2170.0,1.0,0.0005,,,,7
1704,Apr-19,,,,3649.0,5.0,0.0014,,,,17
1705,Apr-19,,,,3139.0,2.0,0.0006,,,,10
1706,Apr-19,,,,1835.0,0.0,0.0,,,,11
1707,Apr-19,,,,3826.0,6.0,0.0016,,,,14
1708,Apr-19,,,,3725.0,0.0,0.0,,,,5
1709,Apr-19,,,,2798.0,0.0,0.0,,,,6
1710,Apr-19,,,,5847.0,5.0,0.0009,,,,17
1711,Apr-19,,,,6124.0,0.0,0.0,,,,5
1712,Apr-19,,,,2895.0,0.0,0.0,,,,5
1713,Apr-19,,,,4769.0,6.0,0.0013,,,,19
1714,Apr-19,,,,2295.0,0.0,0.0,,,,15
1715,Apr-19,320.0,1.0,0.0031,2098.0,1.0,0.0005,,,,8
1716,Apr-19,,,,14334.0,5.0,0.0003,4997.0,33.0,0.0066,20
1717,Apr-19,,,,3024.0,4.0,0.0013,,,,7
1718,Apr-19,,,,3848.0,1.0,0.0003,,,,5
1719,Apr-19,,,,1410.0,0.0,0.0,,,,13
1720,Apr-19,151.0,2.0,0.0132,2532.0,8.0,0.0032,,,,11
1721,Apr-19,,,,450.0,1.0,0.0022,66995.0,152.0,0.0023,20
1722,Apr-19,,,,2461.0,2.0,0.0008,,,,11
1723,Apr-19,,,,3112.0,7.0,0.0022,,,,41
1724,Apr-19,,,,1692.0,0.0,0.0,,,,5
1725,Apr-19,28.0,0.0,0.0,2704.0,2.0,0.0007,,,,5
1726,Apr-19,,,,1294.0,1.0,0.0008,,,,21
1727,Apr-19,,,,6078.0,5.0,0.0008,,,,8
1728,Apr-19,,,,4014.0,11.0,0.0027,,,,17
1729,May-19,,,,5355.0,5.0,0.0009,,,,19
1730,May-19,,,,6285.0,6.0,0.001,,,,23
1731,May-19,,,,3813.0,1.0,0.0003,,,,5
1732,May-19,,,,3944.0,10.0,0.0025,,,,14
1733,May-19,,,,2305.0,14.0,0.0061,,,,14
1734,May-19,,,,4537.0,7.0,0.0015,,,,13
1735,May-19,,,,474.0,0.0,0.0,58568.0,98.0,0.0017,21
1736,May-19,,,,2639.0,2.0,0.0008,,,,7
1737,May-19,,,,2632.0,0.0,0.0,,,,8
1738,May-19,,,,1948.0,0.0,0.0,,,,6
1739,May-19,,,,3545.0,3.0,0.0008,,,,16
1740,May-19,,,,3905.0,0.0,0.0,,,,3
1741,May-19,,,,3653.0,3.0,0.0008,,,,44
1742,May-19,,,,3187.0,2.0,0.0006,,,,8
1743,May-19,,,,2385.0,1.0,0.0004,,,,10
1744,May-19,,,,5831.0,2.0,0.0003,,,,7
1745,May-19,,,,5149.0,2.0,0.0004,,,,6
1746,May-19,,,,2511.0,2.0,0.0008,,,,11
1747,May-19,,,,8152.0,43.0,0.0053,48610.0,118.0,0.0024,25
1748,May-19,,,,1299.0,0.0,0.0,,,,12
1749,May-19,,,,16931.0,12.0,0.0007,,,,14
1750,May-19,,,,2224.0,3.0,0.0013,,,,6
1751,May-19,,,,2037.0,0.0,0.0,,,,6
1752,May-19,,,,1499.0,3.0,0.002,,,,8
1753,May-19,,,,1440.0,0.0,0.0,,,,16
1754,May-19,,,,3647.0,2.0,0.0005,,,,19
1755,May-19,,,,3768.0,0.0,0.0,,,,5
1756,May-19,142.0,0.0,0.0,2441.0,1.0,0.0004,,,,6
1757,May-19,,,,135.0,1.0,0.0074,56915.0,65.0,0.0011,16
1758,May-19,,,,2801.0,1.0,0.0004,,,,5
1759,May-19,,,,6005.0,0.0,0.0,,,,6
1760,May-19,,,,1832.0,25.0,0.0136,,,,15
1761,May-19,,,,2220.0,4.0,0.0018,,,,9
1762,May-19,,,,3785.0,11.0,0.0029,,,,14
1763,Jun-19,,,,3941.0,8.0,0.002,,,,14
1764,Jun-19,,,,4484.0,3.0,0.0007,,,,13
1765,Jun-19,294.0,1.0,0.0034,3052.0,1.0,0.0003,,,,7
1766,Jun-19,,,,3667.0,0.0,0.0,,,,8
1767,Jun-19,,,,2070.0,0.0,0.0,,,,8
1768,Jun-19,,,,2643.0,1.0,0.0004,,,,6
1769,Jun-19,,,,2488.0,3.0,0.0012,,,,7
1770,Jun-19,,,,5306.0,4.0,0.0008,,,,10
1771,Jun-19,,,,2626.0,4.0,0.0015,,,,6
1772,Jun-19,,,,2872.0,0.0,0.0,,,,6
1773,Jun-19,,,,2385.0,0.0,0.0,,,,11
1774,Jun-19,,,,3123.0,1.0,0.0003,,,,7
1775,Jun-19,,,,3026.0,2.0,0.0007,,,,9
1776,Jun-19,70.0,0.0,0.0,961.0,0.0,0.0,,,,8
1777,Jun-19,,,,1854.0,1.0,0.0,,,,5
1778,Jun-19,180.0,0.0,0.0,2339.0,1.0,0.0004,,,,9
1779,Jun-19,,,,5173.0,3.0,0.000579934,,,,21
1780,Jun-19,,,,1894.0,4.0,0.002111932,,,,13
1781,Jun-19,,,,5799.0,18.0,0.003103983,,,,23
1782,Jun-19,164.0,0.0,0.0,2751.0,2.0,0.000727008,,,,6
1783,Jun-19,,,,5858.0,1.0,0.000170707,,,,8
1784,Jun-19,,,,16021.0,7.0,0.000436927,,,,9
1785,Jun-19,,,,3732.0,1.0,0.000267953,,,,14
1786,Jun-19,,,,1496.0,3.0,0.0020053479999999997,,,,8
1787,Jun-19,,,,2201.0,4.0,0.001817356,,,,10
1788,Jun-19,,,,3656.0,3.0,0.0008205689999999999,,,,4
1789,Jun-19,,,,6805.0,4.0,0.000587803,,,,9
1790,Jun-19,187.0,1.0,0.0053,2581.0,4.0,0.0015497870000000002,,,,10
1791,Jun-19,,,,3406.0,4.0,0.0011743980000000001,,,,17
1792,Jun-19,,,,2012.0,0.0,0.0,,,,8
1793,Jun-19,,,,2303.0,8.0,0.00347373,,,,15
1794,Jun-19,,,,3449.0,7.0,0.002029574,,,,16
1795,Jul-19,,,,3635.0,2.0,0.000550206,,,,6
1796,Jul-19,,,,1354.0,0.0,0.0,,,,10
1797,Jul-19,,,,4018.0,11.0,0.00273768,,,,12
1798,Jul-19,,,,1500.0,3.0,0.002,,,,14
1799,Jul-19,,,,3403.0,0.0,0.0,,,,7
1800,Jul-19,227.0,0.0,0.0,2259.0,0.0,0.0,,,,10
1801,Jul-19,,,,6553.0,0.0,0.0,,,,8
1802,Jul-19,,,,18599.0,8.0,0.000430131,,,,18
1803,Jul-19,,,,3824.0,1.0,0.000261506,,,,5
1804,Jul-19,,,,6405.0,0.0,0.0,,,,8
1805,Jul-19,,,,2419.0,8.0,0.0033071520000000003,,,,10
1806,Jul-19,,,,2742.0,1.0,0.000364697,,,,8
1807,Jul-19,,,,1626.0,6.0,0.003690037,,,,8
1808,Jul-19,,,,1875.0,3.0,0.0016,,,,8
1809,Jul-19,,,,2451.0,2.0,0.000815993,,,,11
1810,Jul-19,,,,3886.0,0.0,0.0,,,,4
1811,Jul-19,209.0,0.0,0.0,1852.0,22.0,0.01187905,,,,10
1812,Jul-19,508.0,0.0,0.0,2504.0,1.0,0.000399361,,,,8
1813,Jul-19,,,,8050.0,13.0,0.001614907,,,,18
1814,Jul-19,,,,2377.0,8.0,0.003365587,,,,13
1815,Jul-19,,,,1271.0,7.0,0.005507474,,,,11
1816,Jul-19,,,,2875.0,0.0,0.0,,,,5
1817,Jul-19,,,,2370.0,4.0,0.001687764,,,,11
1818,Jul-19,,,,3296.0,1.0,0.00030339799999999997,,,,6
1819,Jul-19,,,,6273.0,0.0,0.0,,,,7
1820,Jul-19,,,,3713.0,2.0,0.0005386480000000001,,,,6
1821,Jul-19,,,,2753.0,1.0,0.00036324,,,,7
1822,Jul-19,,,,2729.0,0.0,0.0,,,,7
1823,Jul-19,,,,1600.0,0.0,0.0,,,,13
1824,Jul-19,,,,18758.0,24.0,0.001279454,,,,17
1825,Aug-19,,,,1498.0,5.0,0.0033377840000000003,,,,8
1826,Aug-19,,,,3942.0,1.0,0.000253678,,,,16
1827,Aug-19,,,,1470.0,0.0,0.0,,,,15
1828,Aug-19,,,,4145.0,9.0,0.002171291,,,,12
1829,Aug-19,,,,1696.0,0.0,0.0,,,,8
1830,Aug-19,809.0,6.0,0.0074,1629.0,5.0,0.003069368,,,,12
1831,Aug-19,,,,3496.0,12.0,0.0034324940000000003,,,,12
1832,Aug-19,,,,2869.0,2.0,0.000697107,,,,6
1833,Aug-19,,,,2429.0,0.0,0.0,,,,11
1834,Aug-19,,,,2987.0,0.0,0.0,,,,7
1835,Aug-19,,,,2987.0,0.0,0.0,,,,7
1836,Aug-19,,,,2525.0,8.0,0.003168317,,,,12
1837,Aug-19,,,,2497.0,1.0,0.000400481,,,,7
1838,Aug-19,,,,2433.0,5.0,0.002055076,,,,10
1839,Aug-19,,,,2629.0,5.0,0.0019018639999999999,,,,8
1840,Aug-19,500.0,0.0,0.0,2160.0,1.0,0.00046296300000000005,,,,6
1841,Aug-19,,,,1812.0,14.0,0.007726269,,,,12
1842,Aug-19,,,,2495.0,3.0,0.001202405,,,,10
1843,Aug-19,,,,1377.0,2.0,0.001452433,,,,8
1844,Aug-19,,,,2863.0,1.0,0.000349284,,,,4
1845,Aug-19,,,,2390.0,1.0,0.00041841,,,,12
1846,Aug-19,,,,2854.0,1.0,0.000350385,,,,5
1847,Aug-19,,,,2854.0,1.0,0.000350385,,,,5
1848,Aug-19,,,,5913.0,12.0,0.0020294270000000003,,,,17
1849,Aug-19,,,,3138.0,1.0,0.000318674,,,,8
1850,Aug-19,,,,1669.0,0.0,0.0,,,,15
1851,Aug-19,,,,15859.0,7.0,0.00044139,,,,9
1852,Aug-19,279.0,0.0,0.0,2317.0,1.0,0.000431593,,,,8
1853,Aug-19,,,,3671.0,5.0,0.001362027,,,,8
1854,Aug-19,,,,2176.0,1.0,0.000459559,,,,6
1855,Aug-19,,,,3561.0,0.0,0.0,,,,7
1856,Aug-19,,,,4465.0,5.0,0.001119821,,,,14
1857,Sep-19,,,,2513.0,0.0,0.0,,,,11
1858,Sep-19,,,,2693.0,0.0,0.0,,,,4
1859,Sep-19,,,,4124.0,2.0,0.000484966,,,,7
1860,Sep-19,,,,8316.0,2.0,0.0002405,,,,16
1861,Sep-19,,,,2778.0,2.0,0.000719942,,,,8
1862,Sep-19,,,,4211.0,9.0,0.00213726,,,,11
1863,Sep-19,305.0,0.0,0.0,1778.0,3.0,0.001687289,,,,10
1864,Sep-19,,,,2836.0,7.0,0.002468265,,,,13
1865,Sep-19,,,,3237.0,1.0,0.000308928,,,,5
1866,Sep-19,,,,10325.0,8.0,0.000774818,,,,10
1867,Sep-19,,,,2254.0,0.0,0.0,,,,11
1868,Sep-19,,,,2390.0,1.0,0.00041841,,,,12
1869,Sep-19,,,,4593.0,2.0,0.000435445,,,,21
1870,Sep-19,,,,1500.0,1.0,0.000666667,,,,13
1871,Sep-19,,,,1742.0,0.0,0.0,,,,19
1872,Sep-19,,,,921.0,0.0,0.0,,,,14
1873,Sep-19,,,,3354.0,2.0,0.0005963030000000001,,,,17
1874,Sep-19,350.0,0.0,0.0,2387.0,1.0,0.00041893599999999996,,,,6
1875,Sep-19,,,,7610.0,4.0,0.000525624,,,,10
1876,Sep-19,,,,5990.0,3.0,0.000500835,,,,19
1877,Sep-19,,,,2261.0,3.0,0.0013268470000000001,,,,13
1878,Sep-19,,,,3078.0,1.0,0.000324886,,,,7
1879,Sep-19,,,,467.0,0.0,0.0,54390.0,132.0,0.0024,21
1880,Sep-19,,,,2305.0,6.0,0.0026030370000000003,,,,11
1881,Sep-19,,,,3426.0,0.0,0.0,,,,6
1882,Sep-19,,,,1824.0,2.0,0.001096491,,,,10
1883,Sep-19,,,,2410.0,0.0,0.0,,,,13
1884,Sep-19,,,,1870.0,2.0,0.001069519,,,,11
1885,Sep-19,,,,2895.0,0.0,0.0,,,,5
1886,Sep-19,,,,2143.0,4.0,0.0018665420000000001,,,,11
1887,Sep-19,,,,4027.0,21.0,0.0052148,,,,11
1888,Sep-19,,,,19125.0,9.0,0.00047058800000000003,,,,14
1889,Oct-19,214.0,2.0,0.00935,1930.0,0.0,0.0,,,,10
1890,Oct-19,,,,2203.0,0.0,0.0,,,,12
1891,Oct-19,,,,10274.0,11.0,0.001070664,39733.0,81.0,0.002,24
1892,Oct-19,,,,1419.0,1.0,0.000704722,,,,8
1893,Oct-19,,,,1930.0,1.0,0.000518135,,,,7
1894,Oct-19,,,,3054.0,2.0,0.000654879,,,,11
1895,Oct-19,,,,3387.0,3.0,0.00088574,,,,17
1896,Oct-19,303.0,0.0,0.0,2332.0,0.0,0.0,,,,6
1897,Oct-19,,,,5853.0,8.0,0.00136682,,,,21
1898,Oct-19,,,,12078.0,17.0,0.001407518,,,,13
1899,Oct-19,,,,2490.0,0.0,0.0,,,,11
1900,Oct-19,,,,2371.0,0.0,0.0,,,,11
1901,Oct-19,,,,3108.0,1.0,0.00032175,,,,6
1902,Oct-19,,,,1820.0,1.0,0.000549451,,,,11
1903,Oct-19,,,,1500.0,0.0,0.0,,,,15
1904,Oct-19,,,,3677.0,9.0,0.0024476479999999998,,,,17
1905,Oct-19,,,,2657.0,6.0,0.002258186,,,,10
1906,Oct-19,,,,3594.0,3.0,0.000834725,,,,15
1907,Oct-19,427.0,0.0,0.0,2070.0,3.0,0.001449275,,,,8
1908,Oct-19,,,,2992.0,0.0,0.0,,,,7
1909,Oct-19,,,,2256.0,2.0,0.000886525,,,,10
1910,Oct-19,657.0,2.0,0.00304414,725.0,0.0,0.0,,,,13
1911,Oct-19,,,,2348.0,3.0,0.001277683,,,,11
1912,Oct-19,,,,4187.0,9.0,0.00214951,,,,12
1913,Oct-19,,,,17970.0,14.0,0.0007790760000000001,,,,12
1914,Oct-19,,,,468.0,0.0,0.0,58800.0,100.0,0.0017,23
1915,Nov-19,1012.0,23.0,0.0227,226.0,1.0,0.004424779,,,,11
1916,Nov-19,,,,2130.0,9.0,0.004225352,,,,16
1917,Nov-19,236.0,2.0,0.00847,1724.0,5.0,0.002900232,,,,11
1918,Nov-19,,,,2491.0,1.0,0.000401445,,,,11
1919,Nov-19,,,,2618.0,3.0,0.001145913,,,,16
1920,Nov-19,,,,1726.0,8.0,0.004634994,,,,7
1921,Nov-19,178.0,0.0,0.0,2505.0,2.0,0.000798403,,,,6
1922,Nov-19,,,,2275.0,1.0,0.00043956,,,,12
1923,Nov-19,,,,2693.0,0.0,0.0,,,,11
1924,Nov-19,,,,3430.0,6.0,0.0017492710000000002,,,,17
1925,Nov-19,,,,2362.0,4.0,0.00169348,,,,10
1926,Nov-19,,,,5684.0,1.0,0.000175932,,,,8
1927,Nov-19,,,,669.0,2.0,0.002989537,67688.0,156.0,0.0023,22
1928,Nov-19,,,,1863.0,4.0,0.002147075,,,,21
1929,Nov-19,,,,4165.0,0.0,0.0,,,,16
1930,Nov-19,,,,2814.0,0.0,0.0,,,,5
1931,Nov-19,,,,1500.0,1.0,0.000666667,,,,16
1932,Nov-19,,,,6538.0,2.0,0.000305904,,,,21
1933,Nov-19,,,,2390.0,1.0,0.00041841,,,,14
1934,Nov-19,,,,5925.0,0.0,0.0,,,,7
1935,Nov-19,,,,1057.0,3.0,0.0028382209999999997,,,,15
1936,Nov-19,,,,3674.0,0.0,0.0,,,,5
1937,Nov-19,,,,4054.0,2.0,0.00049334,,,,5
1938,Nov-19,,,,2034.0,1.0,0.0004916419999999999,,,,7
1939,Nov-19,,,,17227.0,14.0,0.0008126780000000001,,,,13
1940,Nov-19,,,,10503.0,5.0,0.000476054,,,,9
1941,Nov-19,,,,17970.0,14.0,0.0007790760000000001,,,,12
1942,Nov-19,,,,5031.0,0.0,0.0,,,,12
1943,Nov-19,,,,5031.0,0.0,0.0,,,,12
1944,Dec-19,,,,2741.0,0.0,0.0,,,,11
1945,Dec-19,,,,3255.0,3.0,0.0009216589999999999,,,,8
1946,Dec-19,,,,2523.0,3.0,0.0011890610000000002,,,,10
1947,Dec-19,,,,1943.0,5.0,0.00257334,,,,14
1948,Nov-19,,,,1326.0,9.0,0.0068,,,,17
1949,Nov-19,,,,3789.0,2.0,0.0005,,,,11
1950,Dec-19,,,,2351.0,0.0,0.0,,,,12
1951,Dec-19,,,,2009.0,0.0,0.0,,,,6
1952,Dec-19,,,,3422.0,1.0,0.0003,,,,8
1953,Nov-19,,,,2448.0,1.0,0.0004,,,,12
1954,Nov-19,,,,16378.0,27.0,0.0017,,,,38
1955,Dec-19,,,,2560.0,2.0,0.0008,,,,11
1956,Nov-19,278.0,0.0,0.0,2468.0,0.0,0.0,,,,7
1957,Dec-19,,,,3823.0,1.0,0.0003,,,,6
1958,Dec-19,,,,2167.0,5.0,0.0023,,,,11
1959,Dec-19,,,,2125.0,5.0,0.0024,,,,12
1960,Dec-19,,,,3921.0,1.0,0.0003,,,,5
1961,Dec-19,,,,731.0,2.0,0.0027,62443.0,201.0,0.003218936,23
1962,Dec-19,,,,6270.0,0.0,0.0,,,,5
1963,Dec-19,,,,3729.0,6.0,0.0016,,,,14
1964,Dec-19,,,,3005.0,13.0,0.0043,,,,10
